country,station,species,noMP_sample,Fish_ID,length_cm,sex,folder,picname,cal
Norway,Norway,,f1r1,f1r1-1,,,f1r1,f1r1-1,110
Norway,Norway,,f1r1,f1r1-2,,,f1r1,f1r1-2,110
Norway,Norway,,f1r1,f1r1-3,,,f1r1,f1r1-3,110
Norway,Norway,,f1r1,f1r1-4,,,f1r1,f1r1-4,110
Norway,Norway,,f1r1,f1r1-5,,,f1r1,f1r1-5,110
Norway,Norway,,f1r1,f1r1-6,,,f1r1,f1r1-6,110
Norway,Norway,,f1r1,f1r1-7,,,f1r1,f1r1-7,110
Norway,Norway,,f1r1,f1r1-10,,,f1r1,f1r1-10,110
Norway,Norway,,f1r1,f1r1-11,,,f1r1,f1r1-11,110
Norway,Norway,,f1r1,f1r1-12,,,f1r1,f1r1-12,110
Norway,Norway,,f1r1,f1r1-13,,,f1r1,f1r1-13,110
Norway,Norway,,f1r1,f1r1-14,,,f1r1,f1r1-14,110
Norway,Norway,,f1r1,f1r1-15,,,f1r1,f1r1-15,110
Norway,Norway,,f1r1,f1r1-16,,,f1r1,f1r1-16,110
Norway,Norway,,f1r1,f1r1-17,,,f1r1,f1r1-17,110
Norway,Norway,,f1r1,f1r1-18,,,f1r1,f1r1-18,110
Norway,Norway,,f1r1,f1r1-19,,,f1r1,f1r1-19,110
Norway,Norway,,f1r1,f1r1-20,,,f1r1,f1r1-20,110
Norway,Norway,,f1r1,f1r1-21,,,f1r1,f1r1-21,110
Norway,Norway,,f1r1,f1r1-22,,,f1r1,f1r1-22,110
Norway,Norway,,f1r1,f1r1-23,,,f1r1,f1r1-23,110
Norway,Norway,,f1r1,f1r1-24,,,f1r1,f1r1-24,110
Norway,Norway,,f1r9,f1r9-1,,,f1r9,f1r9-1,77
Norway,Norway,,f1r9,f1r9-2,,,f1r9,f1r9-2,77
Norway,Norway,,f1r9,f1r9-3,,,f1r9,f1r9-3,77
Norway,Norway,,f1r9,f1r9-4,,,f1r9,f1r9-4,77
Norway,Norway,,f1r9,f1r9-5,,,f1r9,f1r9-5,77
Norway,Norway,,f1r9,f1r9-6,,,f1r9,f1r9-6,77
Norway,Norway,,f1r9,f1r9-7,,,f1r9,f1r9-7,77
Norway,Norway,,f1r9,f1r9-8,,,f1r9,f1r9-8,77
Norway,Norway,,f1r9,f1r9-9,,,f1r9,f1r9-9,77
Norway,Norway,,f1r9,f1r9-10,,,f1r9,f1r9-10,77
Norway,Norway,,f1r9,f1r9-11,,,f1r9,f1r9-11,77
Norway,Norway,,f1r9,f1r9-12,,,f1r9,f1r9-12,77
Norway,Norway,,f1r9,f1r9-13,,,f1r9,f1r9-13,77
Norway,Norway,,f1r9,f1r9-14,,,f1r9,f1r9-14,77
Norway,Norway,,f1r9,f1r9-15,,,f1r9,f1r9-15,77
Norway,Norway,,f1r9,f1r9-16,,,f1r9,f1r9-16,77
Norway,Norway,,f1r9,f1r9-17,,,f1r9,f1r9-17,77
Norway,Norway,,f1r9,f1r9-18,,,f1r9,f1r9-18,77
Norway,Norway,,f1r9,f1r9-19,,,f1r9,f1r9-19,77
Norway,Norway,,f1r9,f1r9-20,,,f1r9,f1r9-20,77
Norway,Norway,,f1r9,f1r9-21,,,f1r9,f1r9-21,77
Norway,Norway,,f1r9,f1r9-22,,,f1r9,f1r9-22,77
Norway,Norway,,f1r9,f1r9-23,,,f1r9,f1r9-23,77
Norway,Norway,,f1r9,f1r9-24,,,f1r9,f1r9-24,77
Norway,Norway,,f1r9,f1r9-25,,,f1r9,f1r9-25,77
Norway,Norway,,f1r9,f1r9-26,,,f1r9,f1r9-26,77
Norway,Norway,,f1r9,f1r9-27,,,f1r9,f1r9-27,77
Norway,Norway,,f1r9,f1r9-28,,,f1r9,f1r9-28,77
Norway,Norway,,f1r9,f1r9-29,,,f1r9,f1r9-29,77
Norway,Norway,,f1r9,f1r9-30,,,f1r9,f1r9-30,77
Norway,Norway,,f1r9,f1r9-31,,,f1r9,f1r9-31,77
Norway,Norway,,f1r9,f1r9-32,,,f1r9,f1r9-32,77
Norway,Norway,,f1r9,f1r9-33,,,f1r9,f1r9-33,77
Norway,Norway,,f1r9,f1r9-34,,,f1r9,f1r9-34,77
Norway,Norway,,f1r9,f1r9-35,,,f1r9,f1r9-35,77
Norway,Norway,,f1r9,f1r9-36,,,f1r9,f1r9-36,77
Norway,Norway,,f1r9,f1r9-37,,,f1r9,f1r9-37,77
Norway,Norway,,f1r9,f1r9-38,,,f1r9,f1r9-38,77
Norway,Norway,,f1r9,f1r9-39,,,f1r9,f1r9-39,77
Norway,Norway,,f1r9,f1r9-40,,,f1r9,f1r9-40,77
Norway,Norway,,f1r9,f1r9-41,,,f1r9,f1r9-41,77
Norway,Norway,,f1r9,f1r9-42,,,f1r9,f1r9-42,77
Norway,Norway,,f1r9,f1r9-43,,,f1r9,f1r9-43,77
Norway,Norway,,f1r9,f1r9-44,,,f1r9,f1r9-44,77
Norway,Norway,,f1r9,f1r9-45,,,f1r9,f1r9-45,77
Norway,Norway,,f1r9,f1r9-46,,,f1r9,f1r9-46,77
Norway,Norway,,f1r9,f1r9-47,,,f1r9,f1r9-47,77
Norway,Norway,,f1r9,f1r9-48,,,f1r9,f1r9-48,77
Norway,Norway,,f1r9,f1r9-49,,,f1r9,f1r9-49,77
Norway,Norway,,f1r9,f1r9-50,,,f1r9,f1r9-50,77
Norway,Norway,,f1r9,f1r9-51,,,f1r9,f1r9-51,77
Norway,Norway,,f1r9,f1r9-52,,,f1r9,f1r9-52,77
Norway,Norway,,f1r9,f1r9-53,,,f1r9,f1r9-53,77
Norway,Norway,,f1r9,f1r9-54,,,f1r9,f1r9-54,77
Norway,Norway,,f1r9,f1r9-55,,,f1r9,f1r9-55,77
Norway,Norway,,f1r9,f1r9-56,,,f1r9,f1r9-56,77
Norway,Norway,,f1r9,f1r9-57,,,f1r9,f1r9-57,77
Norway,Norway,,f1r9,f1r9-58,,,f1r9,f1r9-58,77
Norway,Norway,,f1r9,f1r9-59,,,f1r9,f1r9-59,77
Norway,Norway,,f1r9,f1r9-60,,,f1r9,f1r9-60,77
Norway,Norway,,f1r9,f1r9-61,,,f1r9,f1r9-61,77
Norway,Norway,,f1r9,f1r9-62,,,f1r9,f1r9-62,77
Norway,Norway,,f1r9,f1r9-63,,,f1r9,f1r9-63,77
Norway,Norway,,f1r9,f1r9-64,,,f1r9,f1r9-64,77
Norway,Norway,,f1r9,f1r9-65,,,f1r9,f1r9-65,77
Norway,Norway,,f1r9,f1r9-66,,,f1r9,f1r9-66,77
Norway,Norway,,f1r9,f1r9-67,,,f1r9,f1r9-67,77
Norway,Norway,,f1r9,f1r9-68,,,f1r9,f1r9-68,77
Norway,Norway,,f2r3,f2r3-1,,,f2r3,f2r3-1,110
Norway,Norway,,f2r3,f2r3-2,,,f2r3,f2r3-2,110
Norway,Norway,,f2r3,f2r3-3,,,f2r3,f2r3-3,110
Norway,Norway,,f2r3,f2r3-4,,,f2r3,f2r3-4,110
Norway,Norway,,f2r3,f2r3-5,,,f2r3,f2r3-5,110
Norway,Norway,,f2r3,f2r3-6,,,f2r3,f2r3-6,110
Norway,Norway,,f2r3,f2r3-7,,,f2r3,f2r3-7,110
Norway,Norway,,f2r3,f2r3-8,,,f2r3,f2r3-8,110
Norway,Norway,,f2r3,f2r3-9,,,f2r3,f2r3-9,110
Norway,Norway,,f2r3,f2r3-10,,,f2r3,f2r3-10,110
Norway,Norway,,f2r3,f2r3-11,,,f2r3,f2r3-11,110
Norway,Norway,,f2r3,f2r3-12,,,f2r3,f2r3-12,110
Norway,Norway,,f2r3,f2r3-13,,,f2r3,f2r3-13,110
Norway,Norway,,f2r3,f2r3-14,,,f2r3,f2r3-14,110
Norway,Norway,,f2r3,f2r3-15,,,f2r3,f2r3-15,110
Norway,Norway,,f2r3,f2r3-16,,,f2r3,f2r3-16,110
Norway,Norway,,f2r3,f2r3-17,,,f2r3,f2r3-17,110
Norway,Norway,,f2r3,f2r3-18,,,f2r3,f2r3-18,110
Norway,Norway,,f2r3,f2r3-19,,,f2r3,f2r3-19,110
Norway,Norway,,f2r3,f2r3-20,,,f2r3,f2r3-20,110
Norway,Norway,,f2r3,f2r3-21,,,f2r3,f2r3-21,110
Norway,Norway,,f2r3,f2r3-22,,,f2r3,f2r3-22,110
Norway,Norway,,f2r3,f2r3-23,,,f2r3,f2r3-23,110
Norway,Norway,,f2r3,f2r3-24,,,f2r3,f2r3-24,110
Norway,Norway,,f2r3,f2r3-25,,,f2r3,f2r3-25,110
Norway,Norway,,f2r3,f2r3-26,,,f2r3,f2r3-26,110
Norway,Norway,,f3r1,f3r1-1,,,f3r1,f3r1-1,77
Norway,Norway,,f3r1,f3r1-2,,,f3r1,f3r1-2,77
Norway,Norway,,f3r1,f3r1-3,,,f3r1,f3r1-3,77
Norway,Norway,,f3r1,f3r1-4,,,f3r1,f3r1-4,77
Norway,Norway,,f3r1,f3r1-5,,,f3r1,f3r1-5,77
Norway,Norway,,f3r1,f3r1-6,,,f3r1,f3r1-6,77
Norway,Norway,,f3r1,f3r1-7,,,f3r1,f3r1-7,77
Norway,Norway,,f3r1,f3r1-8,,,f3r1,f3r1-8,77
Norway,Norway,,f3r1,f3r1-9,,,f3r1,f3r1-9,77
Norway,Norway,,f3r1,f3r1-10,,,f3r1,f3r1-10,77
Norway,Norway,,f3r1,f3r1-11,,,f3r1,f3r1-11,77
Norway,Norway,,f3r1,f3r1-12,,,f3r1,f3r1-12,77
Norway,Norway,,f3r1,f3r1-13,,,f3r1,f3r1-13,77
Norway,Norway,,f3r1,f3r1-14,,,f3r1,f3r1-14,77
Norway,Norway,,f3r1,f3r1-15,,,f3r1,f3r1-15,77
Norway,Norway,,f3r1,f3r1-16,,,f3r1,f3r1-16,77
Norway,Norway,,f3r1,f3r1-17,,,f3r1,f3r1-17,77
Norway,Norway,,f3r1,f3r1-18,,,f3r1,f3r1-18,77
Norway,Norway,,f3r1,f3r1-19,,,f3r1,f3r1-19,77
Norway,Norway,,f3r1,f3r1-20,,,f3r1,f3r1-20,77
Norway,Norway,,f3r1,f3r1-21,,,f3r1,f3r1-21,77
Norway,Norway,,f3r1,f3r1-22,,,f3r1,f3r1-22,77
Norway,Norway,,f3r1,f3r1-23,,,f3r1,f3r1-23,77
Norway,Norway,,f3r1,f3r1-24,,,f3r1,f3r1-24,77
Norway,Norway,,f3r1,f3r1-25,,,f3r1,f3r1-25,77
Norway,Norway,,f3r1,f3r1-26,,,f3r1,f3r1-26,77
Norway,Norway,,f3r1,f3r1-27,,,f3r1,f3r1-27,77
Norway,Norway,,f3r1,f3r1-28,,,f3r1,f3r1-28,77
Norway,Norway,,f3r1,f3r1-29,,,f3r1,f3r1-29,77
Norway,Norway,,f3r1,f3r1-30,,,f3r1,f3r1-30,77
Norway,Norway,,f3r1,f3r1-31,,,f3r1,f3r1-31,77
Norway,Norway,,f3r1,f3r1-32,,,f3r1,f3r1-32,77
Norway,Norway,,f3r1,f3r1-33,,,f3r1,f3r1-33,77
Norway,Norway,,f3r1,f3r1-34,,,f3r1,f3r1-34,77
Norway,Norway,,f3r1,f3r1-35,,,f3r1,f3r1-35,77
Norway,Norway,,f3r1,f3r1-36,,,f3r1,f3r1-36,77
Norway,Norway,,f3r1,f3r1-37,,,f3r1,f3r1-37,77
Norway,Norway,,f3r1,f3r1-38,,,f3r1,f3r1-38,77
Norway,Norway,,f3r1,f3r1-39,,,f3r1,f3r1-39,77
Norway,Norway,,f3r1,f3r1-40,,,f3r1,f3r1-40,77
Norway,Norway,,f3r1,f3r1-41,,,f3r1,f3r1-41,77
Norway,Norway,,f3r1,f3r1-42,,,f3r1,f3r1-42,77
Norway,Norway,,f3r1,f3r1-43,,,f3r1,f3r1-43,77
Norway,Norway,,f3r3,f3r3-3,,,f3r3,f3r3-3,77
Norway,Norway,,f3r3,f3r3-4,,,f3r3,f3r3-4,77
Norway,Norway,,f3r3,f3r3-5,,,f3r3,f3r3-5,77
Norway,Norway,,f3r3,f3r3-6,,,f3r3,f3r3-6,77
Norway,Norway,,f3r3,f3r3-7,,,f3r3,f3r3-7,77
Norway,Norway,,f3r3,f3r3-8,,,f3r3,f3r3-8,77
Norway,Norway,,f3r3,f3r3-9,,,f3r3,f3r3-9,77
Norway,Norway,,f3r3,f3r3-20,,,f3r3,f3r3-20,77
Norway,Norway,,f3r3,f3r3-21,,,f3r3,f3r3-21,77
Norway,Norway,,f3r3,f3r3-22,,,f3r3,f3r3-22,77
Norway,Norway,,f3r3,f3r3-23,,,f3r3,f3r3-23,77
Norway,Norway,,f3r3,f3r3-24,,,f3r3,f3r3-24,77
Norway,Norway,,f3r3,f3r3-25,,,f3r3,f3r3-25,77
Norway,Norway,,f3r3,f3r3-26,,,f3r3,f3r3-26,77
Norway,Norway,,f3r3,f3r3-27,,,f3r3,f3r3-27,77
Norway,Norway,,f3r3,f3r3-28,,,f3r3,f3r3-28,77
Norway,Norway,,f3r3,f3r3-29,,,f3r3,f3r3-29,77
Norway,Norway,,f3r3,f3r3-30,,,f3r3,f3r3-30,77
Norway,Norway,,f3r3,f3r3-31,,,f3r3,f3r3-31,77
Norway,Norway,,f3r3,f3r3-32,,,f3r3,f3r3-32,77
Norway,Norway,,f3r3,f3r3-33,,,f3r3,f3r3-33,77
Norway,Norway,,f3r3,f3r3-34,,,f3r3,f3r3-34,77
Norway,Norway,,f3r3,f3r3-35,,,f3r3,f3r3-35,77
Norway,Norway,,f3r3,f3r3-36,,,f3r3,f3r3-36,77
Norway,Norway,,f3r3,f3r3-37,,,f3r3,f3r3-37,77
Norway,Norway,,f3r3,f3r3-38,,,f3r3,f3r3-38,77
Norway,Norway,,f3r3,f3r3-39,,,f3r3,f3r3-39,77
Norway,Norway,,f3r3,f3r3-40,,,f3r3,f3r3-40,77
Norway,Norway,,f3r3,f3r3-41,,,f3r3,f3r3-41,77
Norway,Norway,,f3r3,f3r3-42,,,f3r3,f3r3-42,77
Norway,Norway,,f3r3,f3r3-43,,,f3r3,f3r3-43,77
Norway,Norway,,f3r3,f3r3-44,,,f3r3,f3r3-44,77
Norway,Norway,,f3r3,f3r3-45,,,f3r3,f3r3-45,77
Norway,Norway,,f3r3,f3r3-46,,,f3r3,f3r3-46,77
Norway,Norway,,f3r3,f3r3-47,,,f3r3,f3r3-47,77
Norway,Norway,,f3r3,f3r3-48,,,f3r3,f3r3-48,77
Norway,Norway,,f3r3,f3r3-49,,,f3r3,f3r3-49,77
Norway,Norway,,f3r3,f3r3-50,,,f3r3,f3r3-50,77
Norway,Norway,,f3r3,f3r3-51,,,f3r3,f3r3-51,77
Norway,Norway,,f3r3,f3r3-52,,,f3r3,f3r3-52,77
Norway,Norway,,f3r3,f3r3-53,,,f3r3,f3r3-53,77
Norway,Norway,,f3r3,f3r3-54,,,f3r3,f3r3-54,77
Norway,Norway,,f3r3,f3r3-55,,,f3r3,f3r3-55,77
Norway,Norway,,f3r3,f3r3-56,,,f3r3,f3r3-56,77
Norway,Norway,,f3r3,f3r3-57,,,f3r3,f3r3-57,77
Norway,Norway,,f3r3,f3r3-58,,,f3r3,f3r3-58,77
Norway,Norway,,f3r3,f3r3-59,,,f3r3,f3r3-59,77
Norway,Norway,,f3r3,f3r3-60,,,f3r3,f3r3-60,77
Norway,Norway,,f3r3,f3r3-61,,,f3r3,f3r3-61,77
Norway,Norway,,f3r3,f3r3-62,,,f3r3,f3r3-62,77
Norway,Norway,,f3r3,f3r3-63,,,f3r3,f3r3-63,77
Norway,Norway,,f3r3,f3r3-64,,,f3r3,f3r3-64,77
Norway,Norway,,f3r3,f3r3-65,,,f3r3,f3r3-65,77
Norway,Norway,,f3r3,f3r3-66,,,f3r3,f3r3-66,77
Norway,Norway,,f3r3,f3r3-67,,,f3r3,f3r3-67,77
Norway,Norway,,f3r3,f3r3-68,,,f3r3,f3r3-68,77
Norway,Norway,,f3r3,f3r3-69,,,f3r3,f3r3-69,77
Norway,Norway,,f3r3,f3r3-70,,,f3r3,f3r3-70,77
Norway,Norway,,f3r3,f3r3-71,,,f3r3,f3r3-71,77
Norway,Norway,,f3r3,f3r3-72,,,f3r3,f3r3-72,77
Norway,Norway,,f3r3,f3r3-73,,,f3r3,f3r3-73,77
Norway,Norway,,f3r3,f3r3-74,,,f3r3,f3r3-74,77
Norway,Norway,,f3r3,f3r3-75,,,f3r3,f3r3-75,77
Norway,Norway,,f3r3,f3r3-76,,,f3r3,f3r3-76,77
Norway,Norway,,f3r3,f3r3-77,,,f3r3,f3r3-77,77
Norway,Norway,,f3r3,f3r3-78,,,f3r3,f3r3-78,77
Norway,Norway,,f3r3,f3r3-79,,,f3r3,f3r3-79,77
Norway,Norway,,f3r3,f3r3-80,,,f3r3,f3r3-80,77
Norway,Norway,,f3r3,f3r3-81,,,f3r3,f3r3-81,77
Norway,Norway,,f3r3,f3r3-82,,,f3r3,f3r3-82,77
Norway,Norway,,f3r3,f3r3-83,,,f3r3,f3r3-83,77
Norway,Norway,,f3r3,f3r3-84,,,f3r3,f3r3-84,77
Norway,Norway,,f3r3,f3r3-85,,,f3r3,f3r3-85,77
Norway,Norway,,f3r3,f3r3-86,,,f3r3,f3r3-86,77
Norway,Norway,,f3r3,f3r3-87,,,f3r3,f3r3-87,77
Norway,Norway,,f3r3,f3r3-88,,,f3r3,f3r3-88,77
Norway,Norway,,f3r3,f3r3-89,,,f3r3,f3r3-89,77
Norway,Norway,,f3r3,f3r3-90,,,f3r3,f3r3-90,77
Norway,Norway,,f3r3,f3r3-91,,,f3r3,f3r3-91,77
Norway,Norway,,f3r3,f3r3-92,,,f3r3,f3r3-92,77
Norway,Norway,,f3r3,f3r3-93,,,f3r3,f3r3-93,77
Norway,Norway,,f3r3,f3r3-94,,,f3r3,f3r3-94,77
Norway,Norway,,f3r3,f3r3-95,,,f3r3,f3r3-95,77
Norway,Norway,,f3r3,f3r3-96,,,f3r3,f3r3-96,77
Norway,Norway,,f3r3,f3r3-97,,,f3r3,f3r3-97,77
Norway,Norway,,f3r3,f3r3-98,,,f3r3,f3r3-98,77
Norway,Norway,,f3r3,f3r3-99,,,f3r3,f3r3-99,77
Norway,Norway,,f4r1,f4r1-2,,,f4r1,f4r1-2,110
Norway,Norway,,f4r1,f4r1-3,,,f4r1,f4r1-3,110
Norway,Norway,,f4r1,f4r1-4,,,f4r1,f4r1-4,110
Norway,Norway,,f4r1,f4r1-5,,,f4r1,f4r1-5,110
Norway,Norway,,f4r1,f4r1-6,,,f4r1,f4r1-6,110
Norway,Norway,,f4r1,f4r1-7,,,f4r1,f4r1-7,110
Norway,Norway,,f4r1,f4r1-8,,,f4r1,f4r1-8,110
Norway,Norway,,f4r1,f4r1-9,,,f4r1,f4r1-9,110
Norway,Norway,,f4r1,f4r1-10,,,f4r1,f4r1-10,110
Norway,Norway,,f4r1,f4r1-11,,,f4r1,f4r1-11,110
Norway,Norway,,f4r5,f4r5-1,,,f4r5,f4r5-1,110
Norway,Norway,,f4r5,f4r5-2,,,f4r5,f4r5-2,110
Norway,Norway,,f4r5,f4r5-3,,,f4r5,f4r5-3,110
Norway,Norway,,f4r5,f4r5-4,,,f4r5,f4r5-4,110
Norway,Norway,,f4r5,f4r5-5,,,f4r5,f4r5-5,110
Norway,Norway,,f4r5,f4r5-6,,,f4r5,f4r5-6,110
Norway,Norway,,f4r5,f4r5-7,,,f4r5,f4r5-7,110
Norway,Norway,,f4r5,f4r5-8,,,f4r5,f4r5-8,110
Norway,Norway,,f4r5,f4r5-9,,,f4r5,f4r5-9,110
Norway,Norway,,f4r5,f4r5-10,,,f4r5,f4r5-10,110
Norway,Norway,,f4r5,f4r5-11,,,f4r5,f4r5-11,110
Norway,Norway,,f4r5,f4r5-12,,,f4r5,f4r5-12,110
Norway,Norway,,f4r5,f4r5-13,,,f4r5,f4r5-13,110
Norway,Norway,,f4r5,f4r5-14,,,f4r5,f4r5-14,110
Norway,Norway,,f4r5,f4r5-15,,,f4r5,f4r5-15,110
Norway,Norway,,f4r5,f4r5-16,,,f4r5,f4r5-16,110
Norway,Norway,,f4r5,f4r5-17,,,f4r5,f4r5-17,110
Norway,Norway,,f4r5,f4r5-18,,,f4r5,f4r5-18,110
Norway,Norway,,f4r5,f4r5-19,,,f4r5,f4r5-19,110
Norway,Norway,,f4r5,f4r5-20,,,f4r5,f4r5-20,110
Norway,Norway,,f4r5,f4r5-21,,,f4r5,f4r5-21,110
Norway,Norway,,f4r5,f4r5-22,,,f4r5,f4r5-22,110
Norway,Norway,,f4r5,f4r5-23,,,f4r5,f4r5-23,110
Norway,Norway,,f4r5,f4r5-24,,,f4r5,f4r5-24,110
Norway,Norway,,f4r5,f4r5-25,,,f4r5,f4r5-25,110
Norway,Norway,,f4r5,f4r5-26,,,f4r5,f4r5-26,110
Norway,Norway,,f4r5,f4r5-27,,,f4r5,f4r5-27,110
Norway,Norway,,f4r5,f4r5-28,,,f4r5,f4r5-28,110
Norway,Norway,,f4r5,f4r5-29,,,f4r5,f4r5-29,110
Norway,Norway,,f4r5,f4r5-30,,,f4r5,f4r5-30,110
Norway,Norway,,f4r5,f4r5-31,,,f4r5,f4r5-31,110
Norway,Norway,,f4r5,f4r5-32,,,f4r5,f4r5-32,110
Norway,Norway,,f4r5,f4r5-33,,,f4r5,f4r5-33,110
Norway,Norway,,f4r5,f4r5-34,,,f4r5,f4r5-34,110
Norway,Norway,,f4r5,f4r5-35,,,f4r5,f4r5-35,110
Norway,Norway,,f4r5,f4r5-36,,,f4r5,f4r5-36,110
Norway,Norway,,f4r5,f4r5-37,,,f4r5,f4r5-37,110
Norway,Norway,,f4r5,f4r5-38,,,f4r5,f4r5-38,110
Norway,Norway,,f4r5,f4r5-39,,,f4r5,f4r5-39,110
Norway,Norway,,f4r5,f4r5-40,,,f4r5,f4r5-40,110
Norway,Norway,,f4r5,f4r5-41,,,f4r5,f4r5-41,110
Norway,Norway,,f4r5,f4r5-42,,,f4r5,f4r5-42,110
Norway,Norway,,f4r5,f4r5-43,,,f4r5,f4r5-43,110
Norway,Norway,,f4r5,f4r5-44,,,f4r5,f4r5-44,110
Norway,Norway,,f4r5,f4r5-45,,,f4r5,f4r5-45,110
Norway,Norway,,f4r5,f4r5-46,,,f4r5,f4r5-46,110
Norway,Norway,,f4r5,f4r5-47,,,f4r5,f4r5-47,110
Norway,Norway,,f4r5,f4r5-48,,,f4r5,f4r5-48,110
Norway,Norway,,f4r5,f4r5-49,,,f4r5,f4r5-49,110
Norway,Norway,,f4r5,f4r5-50,,,f4r5,f4r5-50,110
Norway,Norway,,f4r5,f4r5-51,,,f4r5,f4r5-51,110
Norway,Norway,,f4r5,f4r5-52,,,f4r5,f4r5-52,110
Norway,Norway,,f4r5,f4r5-53,,,f4r5,f4r5-53,110
Norway,Norway,,f4r5,f4r5-54,,,f4r5,f4r5-54,110
Norway,Norway,,f4r5,f4r5-55,,,f4r5,f4r5-55,110
Norway,Norway,,f4r5,f4r5-56,,,f4r5,f4r5-56,110
Norway,Norway,,f4r5,f4r5-57,,,f4r5,f4r5-57,110
Norway,Norway,,f4r5,f4r5-58,,,f4r5,f4r5-58,110
Norway,Norway,,f4r5,f4r5-59,,,f4r5,f4r5-59,110
Norway,Norway,,f4r5,f4r5-60,,,f4r5,f4r5-60,110
Norway,Norway,,f4r5,f4r5-61,,,f4r5,f4r5-61,110
Norway,Norway,,f4r5,f4r5-62,,,f4r5,f4r5-62,110
Norway,Norway,,f4r5,f4r5-63,,,f4r5,f4r5-63,110
Norway,Norway,,f4r5,f4r5-64,,,f4r5,f4r5-64,110
Norway,Norway,,f4r5,f4r5-65,,,f4r5,f4r5-65,110
Norway,Norway,,f4r5,f4r5-66,,,f4r5,f4r5-66,110
Norway,Norway,,f4r5,f4r5-68,,,f4r5,f4r5-68,110
Norway,Norway,,f4r5,f4r5-69,,,f4r5,f4r5-69,110
Norway,Norway,,f4r5,f4r5-70,,,f4r5,f4r5-70,110
Norway,Norway,,f4r5,f4r5-71,,,f4r5,f4r5-71,110
Norway,Norway,,f4r5,f4r5-72,,,f4r5,f4r5-72,110
Norway,Norway,,f4r5,f4r5-73,,,f4r5,f4r5-73,110
Norway,Norway,,f4r5,f4r5-74,,,f4r5,f4r5-74,110
Norway,Norway,,f4r5,f4r5-75,,,f4r5,f4r5-75,110
Norway,Norway,,f4r5,f4r5-76,,,f4r5,f4r5-76,110
Norway,Norway,,f4r5,f4r5-77,,,f4r5,f4r5-77,110
Norway,Norway,,f4r5,f4r5-78,,,f4r5,f4r5-78,110
Norway,Norway,,f4r5,f4r5-79,,,f4r5,f4r5-79,110
Norway,Norway,,f4r5,f4r5-80,,,f4r5,f4r5-80,110
Norway,Norway,,f4r5,f4r5-81,,,f4r5,f4r5-81,110
Norway,Norway,,f4r5,f4r5-82,,,f4r5,f4r5-82,110
Norway,Norway,,f4r5,f4r5-83,,,f4r5,f4r5-83,110
Norway,Norway,,f4r5,f4r5-84,,,f4r5,f4r5-84,110
Norway,Norway,,f4r5,f4r5-85,,,f4r5,f4r5-85,110
Norway,Norway,,f4r5,f4r5-86,,,f4r5,f4r5-86,110
Norway,Norway,,f4r5,f4r5-87,,,f4r5,f4r5-87,110
Norway,Norway,,f4r5,f4r5-88,,,f4r5,f4r5-88,110
Norway,Norway,,f4r5,f4r5-89,,,f4r5,f4r5-89,110
Norway,Norway,,f4r5,f4r5-90,,,f4r5,f4r5-90,110
Norway,Norway,,f4r5,f4r5-91,,,f4r5,f4r5-91,110
Norway,Norway,,f4r5,f4r5-92,,,f4r5,f4r5-92,110
Norway,Norway,,f4r5,f4r5-93,,,f4r5,f4r5-93,110
Norway,Norway,,f4r5,f4r5-94,,,f4r5,f4r5-94,110
Norway,Norway,,f4r5,f4r5-95,,,f4r5,f4r5-95,110
Norway,Norway,,f4r5,f4r5-96,,,f4r5,f4r5-96,110
Norway,Norway,,f4r5,f4r5-97,,,f4r5,f4r5-97,110
Norway,Norway,,f4r5,f4r5-98,,,f4r5,f4r5-98,110
Norway,Norway,,f4r5,f4r5-99,,,f4r5,f4r5-99,110
Norway,Norway,,f4r5,f4r5-100,,,f4r5,f4r5-100,110
Norway,Norway,,f4r5,f4r5-101,,,f4r5,f4r5-101,110
Norway,Norway,,f4r5,f4r5-102,,,f4r5,f4r5-102,110
Norway,Norway,,f4r5,f4r5-103,,,f4r5,f4r5-103,110
Norway,Norway,,f4r5,f4r5-104,,,f4r5,f4r5-104,110
Norway,Norway,,f4r5,f4r5-105,,,f4r5,f4r5-105,110
Norway,Norway,,f4r5,f4r5-106,,,f4r5,f4r5-106,110
Norway,Norway,,f4r5,f4r5-107,,,f4r5,f4r5-107,110
Norway,Norway,,f4r5,f4r5-108,,,f4r5,f4r5-108,110
Norway,Norway,,f4r5,f4r5-109,,,f4r5,f4r5-109,110
Norway,Norway,,f4r5,f4r5-110,,,f4r5,f4r5-110,110
Norway,Norway,,f4r5,f4r5-111,,,f4r5,f4r5-111,110
Norway,Norway,,f4r5,f4r5-112,,,f4r5,f4r5-112,110
Norway,Norway,,f4r5,f4r5-113,,,f4r5,f4r5-113,110
Norway,Norway,,f4r5,f4r5-114,,,f4r5,f4r5-114,110
Norway,Norway,,f4r5,f4r5-115,,,f4r5,f4r5-115,110
Norway,Norway,,f4r5,f4r5-116,,,f4r5,f4r5-116,110
Norway,Norway,,f4r5,f4r5-117,,,f4r5,f4r5-117,110
Norway,Norway,,f4r5,f4r5-118,,,f4r5,f4r5-118,110
Norway,Norway,,f4r5,f4r5-119,,,f4r5,f4r5-119,110
Norway,Norway,,f4r5,f4r5-120,,,f4r5,f4r5-120,110
Norway,Norway,,f4r5,f4r5-121,,,f4r5,f4r5-121,110
Norway,Norway,,f4r5,f4r5-122,,,f4r5,f4r5-122,110
Norway,Norway,,f4r5,f4r5-123,,,f4r5,f4r5-123,110
Norway,Norway,,f4r5,f4r5-124,,,f4r5,f4r5-124,110
Norway,Norway,,f4r5,f4r5-125,,,f4r5,f4r5-125,110
Norway,Norway,,f4r5,f4r5-126,,,f4r5,f4r5-126,110
Norway,Norway,,f4r5,f4r5-127,,,f4r5,f4r5-127,110
Norway,Norway,,f4r5,f4r5-128,,,f4r5,f4r5-128,110
Norway,Norway,,f4r5,f4r5-129,,,f4r5,f4r5-129,110
Norway,Norway,,f4r5,f4r5-130,,,f4r5,f4r5-130,110
Norway,Norway,,f4r5,f4r5-131,,,f4r5,f4r5-131,110
Norway,Norway,,f4r5,f4r5-132,,,f4r5,f4r5-132,110
Norway,Norway,,f4r5,f4r5-133,,,f4r5,f4r5-133,110
Norway,Norway,,f4r5,f4r5-134,,,f4r5,f4r5-134,110
Norway,Norway,,f4r5,f4r5-135,,,f4r5,f4r5-135,110
Norway,Norway,,f4r5,f4r5-136,,,f4r5,f4r5-136,110
Norway,Norway,,f4r5,f4r5-137,,,f4r5,f4r5-137,110
Norway,Norway,,f4r5,f4r5-138,,,f4r5,f4r5-138,110
Norway,Norway,,f4r5,f4r5-139,,,f4r5,f4r5-139,110
Norway,Norway,,f4r5,f4r5-141,,,f4r5,f4r5-141,110
Norway,Norway,,f4r5,f4r5-142,,,f4r5,f4r5-142,110
Norway,Norway,,f4r5,f4r5-143,,,f4r5,f4r5-143,110
Norway,Norway,,f4r5,f4r5-144,,,f4r5,f4r5-144,110
Norway,Norway,,f4r5,f4r5-145,,,f4r5,f4r5-145,110
Norway,Norway,,f4r5,f4r5-146,,,f4r5,f4r5-146,110
Norway,Norway,,f4r5,f4r5-147,,,f4r5,f4r5-147,110
Norway,Norway,,f4r5,f4r5-148,,,f4r5,f4r5-148,110
Norway,Norway,,f4r5,f4r5-149,,,f4r5,f4r5-149,110
Norway,Norway,,f4r5,f4r5-150,,,f4r5,f4r5-150,110
Norway,Norway,,f4r5,f4r5-151,,,f4r5,f4r5-151,110
Norway,Norway,,f4r5,f4r5-152,,,f4r5,f4r5-152,110
Norway,Norway,,f4r5,f4r5-153,,,f4r5,f4r5-153,110
Norway,Norway,,f4r5,f4r5-154,,,f4r5,f4r5-154,110
Norway,Norway,,f4r5,f4r5-155,,,f4r5,f4r5-155,110
Norway,Norway,,f4r5,f4r5-156,,,f4r5,f4r5-156,110
Norway,Norway,,f4r5,f4r5-157,,,f4r5,f4r5-157,110
Norway,Norway,,f4r5,f4r5-158,,,f4r5,f4r5-158,110
Norway,Norway,,f4r5,f4r5-159,,,f4r5,f4r5-159,110
Norway,Norway,,f4r5,f4r5-160,,,f4r5,f4r5-160,110
Norway,Norway,,f4r5,f4r5-161,,,f4r5,f4r5-161,110
Norway,Norway,,f4r5,f4r5-162,,,f4r5,f4r5-162,110
Norway,Norway,,f4r5,f4r5-164,,,f4r5,f4r5-164,110
Norway,Norway,,f4r5,f4r5-165,,,f4r5,f4r5-165,110
Norway,Norway,,f4r5,f4r5-166,,,f4r5,f4r5-166,110
Norway,Norway,,f4r5,f4r5-167,,,f4r5,f4r5-167,110
Norway,Norway,,f4r5,f4r5-168,,,f4r5,f4r5-168,110
Norway,Norway,,f4r5,f4r5-169,,,f4r5,f4r5-169,110
Norway,Norway,,f4r5,f4r5-170,,,f4r5,f4r5-170,110
Norway,Norway,,f4r5,f4r5-171,,,f4r5,f4r5-171,110
Norway,Norway,,f4r5,f4r5-172,,,f4r5,f4r5-172,110
Norway,Norway,,f4r5,f4r5-173,,,f4r5,f4r5-173,110
Norway,Norway,,f4r5,f4r5-174,,,f4r5,f4r5-174,110
Norway,Norway,,f4r5,f4r5-175,,,f4r5,f4r5-175,110
Norway,Norway,,f4r5,f4r5-176,,,f4r5,f4r5-176,110
Norway,Norway,,f4r5,f4r5-177,,,f4r5,f4r5-177,110
Norway,Norway,,f4r5,f4r5-178,,,f4r5,f4r5-178,110
Norway,Norway,,f4r5,f4r5-179,,,f4r5,f4r5-179,110
Norway,Norway,,f4r5,f4r5-180,,,f4r5,f4r5-180,110
Norway,Norway,,f4r5,f4r5-181,,,f4r5,f4r5-181,110
Norway,Norway,,f4r5,f4r5-182,,,f4r5,f4r5-182,110
Norway,Norway,,f4r5,f4r5-183,,,f4r5,f4r5-183,110
Norway,Norway,,f4r5,f4r5-184,,,f4r5,f4r5-184,110
Norway,Norway,,f4r5,f4r5-185,,,f4r5,f4r5-185,110
Norway,Norway,,f4r5,f4r5-186,,,f4r5,f4r5-186,110
Norway,Norway,,f4r5,f4r5-187,,,f4r5,f4r5-187,110
Norway,Norway,,f4r5,f4r5-188,,,f4r5,f4r5-188,110
Norway,Norway,,f4r5,f4r5-190,,,f4r5,f4r5-190,110
Norway,Norway,,f4r5,f4r5-191,,,f4r5,f4r5-191,110
Norway,Norway,,f4r5,f4r5-192,,,f4r5,f4r5-192,110
Norway,Norway,,f4r5,f4r5-193,,,f4r5,f4r5-193,110
Norway,Norway,,f4r5,f4r5-194,,,f4r5,f4r5-194,110
Norway,Norway,,f4r5,f4r5-195,,,f4r5,f4r5-195,110
Norway,Norway,,f4r5,f4r5-196,,,f4r5,f4r5-196,110
Norway,Norway,,f4r5,f4r5-197,,,f4r5,f4r5-197,110
Norway,Norway,,f4r5,f4r5-198,,,f4r5,f4r5-198,110
Norway,Norway,,f4r5,f4r5-199,,,f4r5,f4r5-199,110
Norway,Norway,,f4r5,f4r5-200,,,f4r5,f4r5-200,110
Norway,Norway,,f4r5,f4r5-201,,,f4r5,f4r5-201,110
Norway,Norway,,f4r5,f4r5-202,,,f4r5,f4r5-202,110
Norway,Norway,,f4r5,f4r5-204,,,f4r5,f4r5-204,110
Norway,Norway,,f4r5,f4r5-205,,,f4r5,f4r5-205,110
Norway,Norway,,f4r5,f4r5-206,,,f4r5,f4r5-206,110
Norway,Norway,,f4r5,f4r5-207,,,f4r5,f4r5-207,110
Norway,Norway,,f4r5,f4r5-208,,,f4r5,f4r5-208,110
Norway,Norway,,f4r5,f4r5-209,,,f4r5,f4r5-209,110
Norway,Norway,,f4r5,f4r5-210,,,f4r5,f4r5-210,110
Norway,Norway,,f4r5,f4r5-211,,,f4r5,f4r5-211,110
Norway,Norway,,f4r5,f4r5-212,,,f4r5,f4r5-212,110
Norway,Norway,,f4r5,f4r5-213,,,f4r5,f4r5-213,110
Norway,Norway,,f4r5,f4r5-214,,,f4r5,f4r5-214,110
Norway,Norway,,f4r5,f4r5-215,,,f4r5,f4r5-215,110
Norway,Norway,,f4r5,f4r5-216,,,f4r5,f4r5-216,110
Norway,Norway,,f4r5,f4r5-217,,,f4r5,f4r5-217,110
Norway,Norway,,f4r5,f4r5-218,,,f4r5,f4r5-218,110
Norway,Norway,,f4r5,f4r5-219,,,f4r5,f4r5-219,110
Norway,Norway,,f4r5,f4r5-220,,,f4r5,f4r5-220,110
Norway,Norway,,f4r5,f4r5-221,,,f4r5,f4r5-221,110
Norway,Norway,,f4r5,f4r5-222,,,f4r5,f4r5-222,110
Norway,Norway,,f4r5,f4r5-223,,,f4r5,f4r5-223,110
Norway,Norway,,f4r5,f4r5-224,,,f4r5,f4r5-224,110
Norway,Norway,,f4r5,f4r5-225,,,f4r5,f4r5-225,110
Norway,Norway,,f4r5,f4r5-226,,,f4r5,f4r5-226,110
Norway,Norway,,f4r5,f4r5-227,,,f4r5,f4r5-227,110
Norway,Norway,,f4r5,f4r5-228,,,f4r5,f4r5-228,110
Norway,Norway,,f4r5,f4r5-229,,,f4r5,f4r5-229,110
Norway,Norway,,f4r5,f4r5-230,,,f4r5,f4r5-230,110
Norway,Norway,,f4r5,f4r5-231,,,f4r5,f4r5-231,110
Norway,Norway,,f4r5,f4r5-232,,,f4r5,f4r5-232,110
Norway,Norway,,f4r5,f4r5-233,,,f4r5,f4r5-233,110
Norway,Norway,,f4r5,f4r5-234,,,f4r5,f4r5-234,110
Norway,Norway,,f4r5,f4r5-235,,,f4r5,f4r5-235,110
Norway,Norway,,f4r5,f4r5-236,,,f4r5,f4r5-236,110
Norway,Norway,,f4r5,f4r5-237,,,f4r5,f4r5-237,110
Norway,Norway,,f4r5,f4r5-238,,,f4r5,f4r5-238,110
Norway,Norway,,f4r5,f4r5-239,,,f4r5,f4r5-239,110
Norway,Norway,,f4r5,f4r5-240,,,f4r5,f4r5-240,110
Norway,Norway,,f4r5,f4r5-241,,,f4r5,f4r5-241,110
Norway,Norway,,f4r5,f4r5-242,,,f4r5,f4r5-242,110
Norway,Norway,,f4r5,f4r5-243,,,f4r5,f4r5-243,110
Norway,Norway,,f4r5,f4r5-244,,,f4r5,f4r5-244,110
Norway,Norway,,f4r5,f4r5-245,,,f4r5,f4r5-245,110
Norway,Norway,,f4r7,f4r7-1,,,f4r7,f4r7-1,77
Norway,Norway,,f4r7,f4r7-2,,,f4r7,f4r7-2,77
Norway,Norway,,f4r7,f4r7-3,,,f4r7,f4r7-3,77
Norway,Norway,,f4r7,f4r7-4,,,f4r7,f4r7-4,77
Norway,Norway,,f4r7,f4r7-5,,,f4r7,f4r7-5,77
Norway,Norway,,f4r7,f4r7-6,,,f4r7,f4r7-6,77
Norway,Norway,,f4r7,f4r7-7,,,f4r7,f4r7-7,77
Norway,Norway,,f4r7,f4r7-8,,,f4r7,f4r7-8,77
Norway,Norway,,f4r7,f4r7-9,,,f4r7,f4r7-9,77
Norway,Norway,,f4r7,f4r7-10,,,f4r7,f4r7-10,77
Norway,Norway,,f4r7,f4r7-11,,,f4r7,f4r7-11,77
Norway,Norway,,f4r7,f4r7-12,,,f4r7,f4r7-12,77
Norway,Norway,,f4r7,f4r7-13,,,f4r7,f4r7-13,77
Norway,Norway,,f4r7,f4r7-14,,,f4r7,f4r7-14,77
Norway,Norway,,f4r7,f4r7-15,,,f4r7,f4r7-15,77
Norway,Norway,,f4r7,f4r7-16,,,f4r7,f4r7-16,77
Norway,Norway,,f4r7,f4r7-17,,,f4r7,f4r7-17,77
Norway,Norway,,f4r7,f4r7-18,,,f4r7,f4r7-18,77
Norway,Norway,,f4r7,f4r7-19,,,f4r7,f4r7-19,77
Norway,Norway,,f4r7,f4r7-20,,,f4r7,f4r7-20,77
Norway,Norway,,f4r7,f4r7-21,,,f4r7,f4r7-21,77
Norway,Norway,,f4r7,f4r7-22,,,f4r7,f4r7-22,77
Norway,Norway,,f4r7,f4r7-23,,,f4r7,f4r7-23,77
Norway,Norway,,f4r7,f4r7-24,,,f4r7,f4r7-24,77
Norway,Norway,,f4r7,f4r7-25,,,f4r7,f4r7-25,77
Norway,Norway,,f4r7,f4r7-26,,,f4r7,f4r7-26,77
Norway,Norway,,f4r7,f4r7-27,,,f4r7,f4r7-27,77
Norway,Norway,,r7f5,r7f5-1,,,r7f5,r7f5-1,110
Norway,Norway,,r7f5,r7f5-2,,,r7f5,r7f5-2,110
Norway,Norway,,r7f5,r7f5-3,,,r7f5,r7f5-3,110
Norway,Norway,,r7f5,r7f5-4,,,r7f5,r7f5-4,110
Norway,Norway,,r7f5,r7f5-5,,,r7f5,r7f5-5,110
Norway,Norway,,r7f5,r7f5-6,,,r7f5,r7f5-6,110
Norway,Norway,,r7f5,r7f5-7,,,r7f5,r7f5-7,110
Norway,Norway,,r7f5,r7f5-8,,,r7f5,r7f5-8,110
Norway,Norway,,r7f5,r7f5-9,,,r7f5,r7f5-9,110
Norway,Norway,,r7f5,r7f5-10,,,r7f5,r7f5-10,110
Norway,Norway,,r7f5,r7f5-11,,,r7f5,r7f5-11,110
Norway,Norway,,r7f5,r7f5-12,,,r7f5,r7f5-12,110
Norway,Norway,,r7f5,r7f5-13,,,r7f5,r7f5-13,110
Norway,Norway,,r7f5,r7f5-14,,,r7f5,r7f5-14,110
Norway,Norway,,r7f5,r7f5-15,,,r7f5,r7f5-15,110
Norway,Norway,,r7f5,r7f5-16,,,r7f5,r7f5-16,110
Norway,Norway,,r7f5,r7f5-17,,,r7f5,r7f5-17,110
Norway,Norway,,r7f5,r7f5-18,,,r7f5,r7f5-18,110
Norway,Norway,,r7f5,r7f5-19,,,r7f5,r7f5-19,110
Norway,Norway,,r7f5,r7f5-20,,,r7f5,r7f5-20,110
Norway,Norway,,r7f5,r7f5-21,,,r7f5,r7f5-21,110
Norway,Norway,,r7f5,r7f5-22,,,r7f5,r7f5-22,110
Norway,Norway,,r7f5,r7f5-23,,,r7f5,r7f5-23,110
Norway,Norway,,r7f5,r7f5-24,,,r7f5,r7f5-24,110
Norway,Norway,,r7f5,r7f5-25,,,r7f5,r7f5-25,110
Norway,Norway,,r7f5,r7f5-26,,,r7f5,r7f5-26,110
Norway,Norway,,r7f5,r7f5-27,,,r7f5,r7f5-27,110
Norway,Norway,,r7f5,r7f5-28,,,r7f5,r7f5-28,110
Norway,Norway,,r7f5,r7f5-29,,,r7f5,r7f5-29,110
Norway,Norway,,r7f5,r7f5-30,,,r7f5,r7f5-30,110
Norway,Norway,,r7f5,r7f5-31,,,r7f5,r7f5-31,110
Norway,Norway,,r7f5,r7f5-32,,,r7f5,r7f5-32,110
Norway,Norway,,r7f5,r7f5-33,,,r7f5,r7f5-33,110
Norway,Norway,,r7f5,r7f5-34,,,r7f5,r7f5-34,110
Norway,Norway,,r7f5,r7f5-35,,,r7f5,r7f5-35,110
Norway,Norway,,r7f5,r7f5-36,,,r7f5,r7f5-36,110
Norway,Norway,,r7f5,r7f5-37,,,r7f5,r7f5-37,110
Norway,Norway,,r7f5,r7f5-38,,,r7f5,r7f5-38,110
Norway,Norway,,r7f5,r7f5-39,,,r7f5,r7f5-39,110
Norway,Norway,,r7f5,r7f5-40,,,r7f5,r7f5-40,110
Norway,Norway,,r7f5,r7f5-41,,,r7f5,r7f5-41,110
Norway,Norway,,r7f5,r7f5-42,,,r7f5,r7f5-42,110
Norway,Norway,,r7f5,r7f5-43,,,r7f5,r7f5-43,110
Norway,Norway,,r7f5,r7f5-44,,,r7f5,r7f5-44,110
Norway,Norway,,r7f5,r7f5-45,,,r7f5,r7f5-45,110
Norway,Norway,,r7f5,r7f5-46,,,r7f5,r7f5-46,110
Norway,Norway,,r7f5,r7f5-47,,,r7f5,r7f5-47,110
Norway,Norway,,r7f5,r7f5-48,,,r7f5,r7f5-48,110
Norway,Norway,,r7f5,r7f5-49,,,r7f5,r7f5-49,110
Norway,Norway,,r7f5,r7f5-50,,,r7f5,r7f5-50,110
Norway,Norway,,r7f5,r7f5-51,,,r7f5,r7f5-51,110
Norway,Norway,,r7f5,r7f5-52,,,r7f5,r7f5-52,110
Norway,Norway,,r7f5,r7f5-53,,,r7f5,r7f5-53,110
Norway,Norway,,r7f5,r7f5-54,,,r7f5,r7f5-54,110
Norway,Norway,,r7f5,r7f5-55,,,r7f5,r7f5-55,110
Norway,Norway,,r7f5,r7f5-56,,,r7f5,r7f5-56,110
Norway,Norway,,r7f5,r7f5-57,,,r7f5,r7f5-57,110
Norway,Norway,,r7f5,r7f5-58,,,r7f5,r7f5-58,110
Norway,Norway,,r7f5,r7f5-59,,,r7f5,r7f5-59,110
Norway,Norway,,r7f5,r7f5-60,,,r7f5,r7f5-60,110
Norway,Norway,,r7f5,r7f5-61,,,r7f5,r7f5-61,110
Norway,Norway,,r7f5,r7f5-62,,,r7f5,r7f5-62,110
Norway,Norway,,r7f5,r7f5-63,,,r7f5,r7f5-63,110
Norway,Norway,,r7f5,r7f5-64,,,r7f5,r7f5-64,110
Norway,Norway,,r7f5,r7f5-65,,,r7f5,r7f5-65,110
Norway,Norway,,r7f5,r7f5-66,,,r7f5,r7f5-66,110
Norway,Norway,,r7f5,r7f5-67,,,r7f5,r7f5-67,110
Norway,Norway,,r7f5,r7f5-68,,,r7f5,r7f5-68,110
Norway,Norway,,r7f5,r7f5-69,,,r7f5,r7f5-69,110
Norway,Norway,,r7f5,r7f5-70,,,r7f5,r7f5-70,110
Norway,Norway,,r7f5,r7f5-71,,,r7f5,r7f5-71,110
Norway,Norway,,r7f5,r7f5-72,,,r7f5,r7f5-72,110
Norway,Norway,,r7f5,r7f5-73,,,r7f5,r7f5-73,110
Norway,Norway,,r7f5,r7f5-74,,,r7f5,r7f5-74,110
Norway,Norway,,r7f5,r7f5-75,,,r7f5,r7f5-75,110
Norway,Norway,,r7f5,r7f5-76,,,r7f5,r7f5-76,110
Norway,Norway,,r7f5,r7f5-77,,,r7f5,r7f5-77,110
Norway,Norway,,r7f5,r7f5-78,,,r7f5,r7f5-78,110
Norway,Norway,,r7f5,r7f5-79,,,r7f5,r7f5-79,110
Norway,Norway,,r7f5,r7f5-80,,,r7f5,r7f5-80,110
Norway,Norway,,r7f5,r7f5-81,,,r7f5,r7f5-81,110
Norway,Norway,,r7f5,r7f5-82,,,r7f5,r7f5-82,110
Norway,Norway,,r7f5,r7f5-83,,,r7f5,r7f5-83,110
Norway,Norway,,r7f5,r7f5-84,,,r7f5,r7f5-84,110
Norway,Norway,,r7f5,r7f5-85,,,r7f5,r7f5-85,110
Norway,Norway,,r7f5,r7f5-86,,,r7f5,r7f5-86,110
Norway,Norway,,r7f5,r7f5-87,,,r7f5,r7f5-87,110
Norway,Norway,,r7f5,r7f5-88,,,r7f5,r7f5-88,110
Norway,Norway,,r7f5,r7f5-89,,,r7f5,r7f5-89,110
Norway,Norway,,r7f5,r7f5-90,,,r7f5,r7f5-90,110
Norway,Norway,,r7f5,r7f5-91,,,r7f5,r7f5-91,110
Norway,Norway,,r7f5,r7f5-92,,,r7f5,r7f5-92,110
Norway,Norway,,r7f5,r7f5-93,,,r7f5,r7f5-93,110
Norway,Norway,,r7f5,r7f5-94,,,r7f5,r7f5-94,110
Norway,Norway,,r7f5,r7f5-95,,,r7f5,r7f5-95,110
Norway,Norway,,r7f5,r7f5-96,,,r7f5,r7f5-96,110
Norway,Norway,,r7f5,r7f5-97,,,r7f5,r7f5-97,110
Norway,Norway,,r7f5,r7f5-98,,,r7f5,r7f5-98,110
Norway,Norway,,r7f5,r7f5-99,,,r7f5,r7f5-99,110
Norway,Norway,,r7f5,r7f5-100,,,r7f5,r7f5-100,110
Norway,Norway,,r7f5,r7f5-101,,,r7f5,r7f5-101,110
Norway,Norway,,r7f5,r7f5-102,,,r7f5,r7f5-102,110
Norway,Norway,,r7f5,r7f5-103,,,r7f5,r7f5-103,110
Norway,Norway,,r7f5,r7f5-104,,,r7f5,r7f5-104,110
Norway,Norway,,r7f5,r7f5-105,,,r7f5,r7f5-105,110
Norway,Norway,,r7f5,r7f5-106,,,r7f5,r7f5-106,110
Norway,Norway,,r7f5,r7f5-107,,,r7f5,r7f5-107,110
Norway,Norway,,r7f5,r7f5-108,,,r7f5,r7f5-108,110
Norway,Norway,,r7f5,r7f5-109,,,r7f5,r7f5-109,110
Norway,Norway,,r7f5,r7f5-110,,,r7f5,r7f5-110,110
Norway,Norway,,r7f5,r7f5-111,,,r7f5,r7f5-111,110
Norway,Norway,,r7f5,r7f5-112,,,r7f5,r7f5-112,110
Norway,Norway,,r7f5,r7f5-113,,,r7f5,r7f5-113,110
Norway,Norway,,r7f5,r7f5-114,,,r7f5,r7f5-114,110
Norway,Norway,,r7f5,r7f5-115,,,r7f5,r7f5-115,110
Norway,Norway,,r7f5,r7f5-116,,,r7f5,r7f5-116,110
Norway,Norway,,r7f5,r7f5-117,,,r7f5,r7f5-117,110
Norway,Norway,,r7f5,r7f5-118,,,r7f5,r7f5-118,110
Norway,Norway,,r7f5,r7f5-119,,,r7f5,r7f5-119,110
Norway,Norway,,r7f5,r7f5-120,,,r7f5,r7f5-120,110
Norway,Norway,,r7f5,r7f5-121,,,r7f5,r7f5-121,110
Norway,Norway,,r7f5,r7f5-122,,,r7f5,r7f5-122,110
Norway,Norway,,r7f5,r7f5-123,,,r7f5,r7f5-123,110
Norway,Norway,,r7f5,r7f5-124,,,r7f5,r7f5-124,110
Norway,Norway,,r7f5,r7f5-125,,,r7f5,r7f5-125,110
Norway,Norway,,r7f5,r7f5-126,,,r7f5,r7f5-126,110
Norway,Norway,,r7f5,r7f5-127,,,r7f5,r7f5-127,110
Norway,Norway,,r7f5,r7f5-129,,,r7f5,r7f5-129,110
Norway,Norway,,r7f5,r7f5-130,,,r7f5,r7f5-130,110
Norway,Norway,,r7f5,r7f5-131,,,r7f5,r7f5-131,110
Norway,Norway,,r7f5,r7f5-132,,,r7f5,r7f5-132,110
Norway,Norway,,r7f5,r7f5-133,,,r7f5,r7f5-133,110
Norway,Norway,,r7f5,r7f5-134,,,r7f5,r7f5-134,110
Norway,Norway,,r7f5,r7f5-135,,,r7f5,r7f5-135,110
Norway,Norway,,r7f5,r7f5-136,,,r7f5,r7f5-136,110
Norway,Norway,,r7f5,r7f5-137,,,r7f5,r7f5-137,110
Norway,Norway,,r7f5,r7f5-138,,,r7f5,r7f5-138,110
Norway,Norway,,r7f5,r7f5-139,,,r7f5,r7f5-139,110
Norway,Norway,,r7f5,r7f5-140,,,r7f5,r7f5-140,110
Norway,Norway,,r7f5,r7f5-141,,,r7f5,r7f5-141,110
Norway,Norway,,r7f5,r7f5-142,,,r7f5,r7f5-142,110
Norway,Norway,,r7f5,r7f5-143,,,r7f5,r7f5-143,110
Norway,Norway,,r7f5,r7f5-144,,,r7f5,r7f5-144,110
Norway,Norway,,r7f5,r7f5-145,,,r7f5,r7f5-145,110
Norway,Norway,,r7f5,r7f5-146,,,r7f5,r7f5-146,110
Norway,Norway,,r7f5,r7f5-147,,,r7f5,r7f5-147,110
Norway,Norway,,r7f5,r7f5-148,,,r7f5,r7f5-148,110
Norway,Norway,,r7f5,r7f5-149,,,r7f5,r7f5-149,110
Norway,Norway,,r7f5,r7f5-150,,,r7f5,r7f5-150,110
Norway,Norway,,r7f5,r7f5-151,,,r7f5,r7f5-151,110
Norway,Norway,,r7f5,r7f5-152,,,r7f5,r7f5-152,110
Norway,Norway,,r7f5,r7f5-153,,,r7f5,r7f5-153,110
Norway,Norway,,r7f5,r7f5-154,,,r7f5,r7f5-154,110
Norway,Norway,,r7f5,r7f5-155,,,r7f5,r7f5-155,110
Norway,Norway,,r7f5,r7f5-156,,,r7f5,r7f5-156,110
Norway,Norway,,r7f5,r7f5-158,,,r7f5,r7f5-158,110
Norway,Norway,,r7f5,r7f5-159,,,r7f5,r7f5-159,110
Norway,Norway,,r7f5,r7f5-160,,,r7f5,r7f5-160,110
Norway,Norway,,r7f5,r7f5-161,,,r7f5,r7f5-161,110
Norway,Norway,,r7f5,r7f5-162,,,r7f5,r7f5-162,110
Norway,Norway,,r7f5,r7f5-163,,,r7f5,r7f5-163,110
Norway,Norway,,r7f5,r7f5-164,,,r7f5,r7f5-164,110
Norway,Norway,,r7f5,r7f5-165,,,r7f5,r7f5-165,110
Norway,Norway,,r7f5,r7f5-166,,,r7f5,r7f5-166,110
Norway,Norway,,r7f5,r7f5-167,,,r7f5,r7f5-167,110
Norway,Norway,,r7f5,r7f5-168,,,r7f5,r7f5-168,77
Norway,Norway,,r7f5,r7f5-169,,,r7f5,r7f5-169,77
Norway,Norway,,r7f5,r7f5-170,,,r7f5,r7f5-170,77
Norway,Norway,,r7f5,r7f5-171,,,r7f5,r7f5-171,77
Norway,Norway,,r7f5,r7f5-172,,,r7f5,r7f5-172,77
Norway,Norway,,r7f5,r7f5-173,,,r7f5,r7f5-173,77
Norway,Norway,,r7f5,r7f5-174,,,r7f5,r7f5-174,77
Norway,Norway,,r7f5,r7f5-175,,,r7f5,r7f5-175,77
Norway,Norway,,r7f5,r7f5-176,,,r7f5,r7f5-176,77
Norway,Norway,,r7f5,r7f5-177,,,r7f5,r7f5-177,77
Norway,Norway,,r7f5,r7f5-178,,,r7f5,r7f5-178,77
Norway,Norway,,r7f5,r7f5-179,,,r7f5,r7f5-179,77
Norway,Norway,,r7f5,r7f5-180,,,r7f5,r7f5-180,77
Norway,Norway,,r7f5,r7f5-181,,,r7f5,r7f5-181,77
Norway,Norway,,r7f5,r7f5-182,,,r7f5,r7f5-182,77
Norway,Norway,,r7f5,r7f5-183,,,r7f5,r7f5-183,77
Norway,Norway,,r7f5,r7f5-184,,,r7f5,r7f5-184,77
Norway,Norway,,r7f5,r7f5-185,,,r7f5,r7f5-185,77
Norway,Norway,,r7f5,r7f5-186,,,r7f5,r7f5-186,77
Norway,Norway,,r7f5,r7f5-187,,,r7f5,r7f5-187,77
Norway,Norway,,r7f5,r7f5-188,,,r7f5,r7f5-188,77
Norway,Norway,,r7f5,r7f5-189,,,r7f5,r7f5-189,77
Norway,Norway,,r7f5,r7f5-190,,,r7f5,r7f5-190,77
Norway,Norway,,r7f5,r7f5-191,,,r7f5,r7f5-191,77
Norway,Norway,,r7f5,r7f5-192,,,r7f5,r7f5-192,77
Norway,Norway,,r7f5,r7f5-193,,,r7f5,r7f5-193,77
Norway,Norway,,r7f5,r7f5-194,,,r7f5,r7f5-194,77
Norway,Norway,,r7f5,r7f5-195,,,r7f5,r7f5-195,77
Norway,Norway,,f3r4,f3r4-1,,,f3r4,f3r4-1,110
Norway,Norway,,f3r4,f3r4-2,,,f3r4,f3r4-2,110
Norway,Norway,,f3r4,f3r4-3,,,f3r4,f3r4-3,110
Norway,Norway,,f3r4,f3r4-4,,,f3r4,f3r4-4,110
Norway,Norway,,f3r4,f3r4-5,,,f3r4,f3r4-5,110
Norway,Norway,,f3r4,f3r4-6,,,f3r4,f3r4-6,110
Norway,Norway,,f3r4,f3r4-7,,,f3r4,f3r4-7,110
Norway,Norway,,f3r4,f3r4-8,,,f3r4,f3r4-8,110
Norway,Norway,,f3r4,f3r4-9,,,f3r4,f3r4-9,110
Norway,Norway,,f3r4,f3r4-10,,,f3r4,f3r4-10,110
Norway,Norway,,f3r4,f3r4-11,,,f3r4,f3r4-11,110
Norway,Norway,,f3r4,f3r4-12,,,f3r4,f3r4-12,110
Norway,Norway,,f3r4,f3r4-13,,,f3r4,f3r4-13,110
Norway,Norway,,f3r4,f3r4-14,,,f3r4,f3r4-14,110
Norway,Norway,,f3r4,f3r4-15,,,f3r4,f3r4-15,110
Norway,Norway,,f3r4,f3r4-16,,,f3r4,f3r4-16,110
Norway,Norway,,f3r4,f3r4-17,,,f3r4,f3r4-17,110
Norway,Norway,,f3r4,f3r4-18,,,f3r4,f3r4-18,110
Norway,Norway,,f3r4,f3r4-19,,,f3r4,f3r4-19,110
Norway,Norway,,f3r4,f3r4-20,,,f3r4,f3r4-20,110
Norway,Norway,,f3r4,f3r4-21,,,f3r4,f3r4-21,110
Norway,Norway,,f3r4,f3r4-22,,,f3r4,f3r4-22,110
