country,station,species,MP_sample,Fish_ID,length_cm,sex,folder,picname,cal
Norway,Norway,,f1r5,f1r5-1,,,f1r5,f1r5-1,110
Norway,Norway,,f1r5,f1r5-2,,,f1r5,f1r5-2,110
Norway,Norway,,f1r5,f1r5-3,,,f1r5,f1r5-3,110
Norway,Norway,,f1r5,f1r5-4,,,f1r5,f1r5-4,110
Norway,Norway,,f1r5,f1r5-5,,,f1r5,f1r5-5,110
Norway,Norway,,f1r5,f1r5-6,,,f1r5,f1r5-6,110
Norway,Norway,,f1r5,f1r5-7,,,f1r5,f1r5-7,110
Norway,Norway,,f1r5,f1r5-8,,,f1r5,f1r5-8,110
Norway,Norway,,f1r5,f1r5-9,,,f1r5,f1r5-9,110
Norway,Norway,,f1r5,f1r5-10,,,f1r5,f1r5-10,110
Norway,Norway,,f1r5,f1r5-11,,,f1r5,f1r5-11,110
Norway,Norway,,f1r5,f1r5-12,,,f1r5,f1r5-12,110
Norway,Norway,,f1r5,f1r5-13,,,f1r5,f1r5-13,110
Norway,Norway,,f1r5,f1r5-14,,,f1r5,f1r5-14,110
Norway,Norway,,f1r5,f1r5-15,,,f1r5,f1r5-15,110
Norway,Norway,,f1r5,f1r5-16,,,f1r5,f1r5-16,110
Norway,Norway,,f1r5,f1r5-17,,,f1r5,f1r5-17,110
Norway,Norway,,f1r5,f1r5-18,,,f1r5,f1r5-18,110
Norway,Norway,,f1r5,f1r5-19,,,f1r5,f1r5-19,110
Norway,Norway,,f1r5,f1r5-20,,,f1r5,f1r5-20,110
Norway,Norway,,f1r5,f1r5-21,,,f1r5,f1r5-21,110
Norway,Norway,,f1r5,f1r5-22,,,f1r5,f1r5-22,110
Norway,Norway,,f1r5,f1r5-23,,,f1r5,f1r5-23,110
Norway,Norway,,f1r5,f1r5-24,,,f1r5,f1r5-24,110
Norway,Norway,,f1r5,f1r5-25,,,f1r5,f1r5-25,110
Norway,Norway,,f1r5,f1r5-26,,,f1r5,f1r5-26,110
Norway,Norway,,f1r5,f1r5-27,,,f1r5,f1r5-27,110
Norway,Norway,,f1r5,f1r5-28,,,f1r5,f1r5-28,110
Norway,Norway,,f1r5,f1r5-29,,,f1r5,f1r5-29,110
Norway,Norway,,f1r5,f1r5-30,,,f1r5,f1r5-30,110
Norway,Norway,,f1r5,f1r5-31,,,f1r5,f1r5-31,110
Norway,Norway,,f1r5,f1r5-32,,,f1r5,f1r5-32,110
Norway,Norway,,f1r5,f1r5-33,,,f1r5,f1r5-33,110
Norway,Norway,,f1r5,f1r5-34,,,f1r5,f1r5-34,110
Norway,Norway,,f1r5,f1r5-35,,,f1r5,f1r5-35,110
Norway,Norway,,f1r5,f1r5-36,,,f1r5,f1r5-36,110
Norway,Norway,,f1r5,f1r5-37,,,f1r5,f1r5-37,110
Norway,Norway,,f1r5,f1r5-38,,,f1r5,f1r5-38,110
Norway,Norway,,f1r5,f1r5-39,,,f1r5,f1r5-39,110
Norway,Norway,,f1r5,f1r5-40,,,f1r5,f1r5-40,110
Norway,Norway,,f1r5,f1r5-41,,,f1r5,f1r5-41,110
Norway,Norway,,f1r5,f1r5-42,,,f1r5,f1r5-42,110
Norway,Norway,,f1r5,f1r5-43,,,f1r5,f1r5-43,110
Norway,Norway,,f1r5,f1r5-44,,,f1r5,f1r5-44,110
Norway,Norway,,f1r5,f1r5-45,,,f1r5,f1r5-45,110
Norway,Norway,,f1r5,f1r5-46,,,f1r5,f1r5-46,110
Norway,Norway,,f1r5,f1r5-47,,,f1r5,f1r5-47,110
Norway,Norway,,f1r5,f1r5-48,,,f1r5,f1r5-48,110
Norway,Norway,,f1r5,f1r5-49,,,f1r5,f1r5-49,110
Norway,Norway,,f1r5,f1r5-50,,,f1r5,f1r5-50,110
Norway,Norway,,f1r5,f1r5-51,,,f1r5,f1r5-51,110
Norway,Norway,,f1r5,f1r5-52,,,f1r5,f1r5-52,110
Norway,Norway,,f1r5,f1r5-53,,,f1r5,f1r5-53,110
Norway,Norway,,f1r5,f1r5-54,,,f1r5,f1r5-54,110
Norway,Norway,,f1r5,f1r5-55,,,f1r5,f1r5-55,110
Norway,Norway,,f1r5,f1r5-56,,,f1r5,f1r5-56,110
Norway,Norway,,f1r5,f1r5-57,,,f1r5,f1r5-57,110
Norway,Norway,,f1r5,f1r5-58,,,f1r5,f1r5-58,110
Norway,Norway,,f1r5,f1r5-59,,,f1r5,f1r5-59,110
Norway,Norway,,f1r5,f1r5-60,,,f1r5,f1r5-60,110
Norway,Norway,,f1r5,f1r5-61,,,f1r5,f1r5-61,110
Norway,Norway,,f1r5,f1r5-62,,,f1r5,f1r5-62,110
Norway,Norway,,f1r5,f1r5-63,,,f1r5,f1r5-63,110
Norway,Norway,,f1r5,f1r5-64,,,f1r5,f1r5-64,110
Norway,Norway,,f1r5,f1r5-65,,,f1r5,f1r5-65,110
Norway,Norway,,f1r5,f1r5-66,,,f1r5,f1r5-66,110
Norway,Norway,,f1r5,f1r5-67,,,f1r5,f1r5-67,110
Norway,Norway,,f2r1,f2r1-1,,,f2r1,f2r1-1,110
Norway,Norway,,f2r1,f2r1-2,,,f2r1,f2r1-2,110
Norway,Norway,,f2r1,f2r1-3,,,f2r1,f2r1-3,110
Norway,Norway,,f2r1,f2r1-4,,,f2r1,f2r1-4,110
Norway,Norway,,f2r1,f2r1-5,,,f2r1,f2r1-5,110
Norway,Norway,,f2r1,f2r1-6,,,f2r1,f2r1-6,110
Norway,Norway,,f2r1,f2r1-7,,,f2r1,f2r1-7,110
Norway,Norway,,f2r1,f2r1-8,,,f2r1,f2r1-8,110
Norway,Norway,,f2r1,f2r1-10,,,f2r1,f2r1-10,110
Norway,Norway,,f2r1,f2r1-11,,,f2r1,f2r1-11,110
Norway,Norway,,f2r1,f2r1-12,,,f2r1,f2r1-12,110
Norway,Norway,,f2r1,f2r1-13,,,f2r1,f2r1-13,110
Norway,Norway,,f2r1,f2r1-14,,,f2r1,f2r1-14,110
Norway,Norway,,f2r1,f2r1-19,,,f2r1,f2r1-19,110
Norway,Norway,,f3r8,f3r8-1,,,f3r8,f3r8-1,110
Norway,Norway,,f3r8,f3r8-2,,,f3r8,f3r8-2,110
Norway,Norway,,f3r8,f3r8-3,,,f3r8,f3r8-3,110
Norway,Norway,,f3r8,f3r8-4,,,f3r8,f3r8-4,110
Norway,Norway,,f3r8,f3r8-5,,,f3r8,f3r8-5,110
Norway,Norway,,f3r8,f3r8-6,,,f3r8,f3r8-6,110
Norway,Norway,,f3r8,f3r8-7,,,f3r8,f3r8-7,110
Norway,Norway,,f3r8,f3r8-8,,,f3r8,f3r8-8,110
Norway,Norway,,f3r8,f3r8-9,,,f3r8,f3r8-9,110
Norway,Norway,,f3r8,f3r8-10,,,f3r8,f3r8-10,110
Norway,Norway,,f3r8,f3r8-11,,,f3r8,f3r8-11,110
Norway,Norway,,f3r8,f3r8-12,,,f3r8,f3r8-12,110
Norway,Norway,,f3r8,f3r8-13,,,f3r8,f3r8-13,110
Norway,Norway,,f3r8,f3r8-14,,,f3r8,f3r8-14,110
Norway,Norway,,f3r8,f3r8-15,,,f3r8,f3r8-15,110
Norway,Norway,,f3r8,f3r8-16,,,f3r8,f3r8-16,110
Norway,Norway,,f3r8,f3r8-17,,,f3r8,f3r8-17,110
Norway,Norway,,f3r8,f3r8-18,,,f3r8,f3r8-18,110
Norway,Norway,,f4r3,f4r3-1,,,f4r3,f4r3-1,110
Norway,Norway,,f4r3,f4r3-2,,,f4r3,f4r3-2,110
Norway,Norway,,f4r3,f4r3-3,,,f4r3,f4r3-3,110
Norway,Norway,,f4r3,f4r3-4,,,f4r3,f4r3-4,110
Norway,Norway,,f4r3,f4r3-5,,,f4r3,f4r3-5,110
Norway,Norway,,f4r3,f4r3-6,,,f4r3,f4r3-6,110
Norway,Norway,,f4r3,f4r3-7,,,f4r3,f4r3-7,110
Norway,Norway,,f4r3,f4r3-8,,,f4r3,f4r3-8,110
Norway,Norway,,f4r3,f4r3-9,,,f4r3,f4r3-9,110
Norway,Norway,,f4r3,f4r3-10,,,f4r3,f4r3-10,110
Norway,Norway,,f4r3,f4r3-11,,,f4r3,f4r3-11,110
Norway,Norway,,f4r3,f4r3-12,,,f4r3,f4r3-12,110
Norway,Norway,,f4r3,f4r3-13,,,f4r3,f4r3-13,110
Norway,Norway,,f4r3,f4r3-14,,,f4r3,f4r3-14,110
Norway,Norway,,f4r3,f4r3-15,,,f4r3,f4r3-15,110
Norway,Norway,,f4r3,f4r3-16,,,f4r3,f4r3-16,110
Norway,Norway,,f4r3,f4r3-17,,,f4r3,f4r3-17,110
Norway,Norway,,f4r3,f4r3-18,,,f4r3,f4r3-18,110
Norway,Norway,,f4r3,f4r3-20,,,f4r3,f4r3-20,110
Norway,Norway,,f4r3,f4r3-21,,,f4r3,f4r3-21,110
Norway,Norway,,f4r3,f4r3-22,,,f4r3,f4r3-22,110
Norway,Norway,,f4r3,f4r3-23,,,f4r3,f4r3-23,110
Norway,Norway,,f4r3,f4r3-24,,,f4r3,f4r3-24,110
Norway,Norway,,f4r3,f4r3-25,,,f4r3,f4r3-25,110
Norway,Norway,,f4r3,f4r3-26,,,f4r3,f4r3-26,110
Norway,Norway,,f4r3,f4r3-27,,,f4r3,f4r3-27,110
Norway,Norway,,f4r3,f4r3-28,,,f4r3,f4r3-28,110
Norway,Norway,,f4r3,f4r3-29,,,f4r3,f4r3-29,110
Norway,Norway,,f4r3,f4r3-30,,,f4r3,f4r3-30,110
Norway,Norway,,f4r3,f4r3-31,,,f4r3,f4r3-31,110
Norway,Norway,,f4r3,f4r3-32,,,f4r3,f4r3-32,110
Norway,Norway,,f4r3,f4r3-33,,,f4r3,f4r3-33,110
Norway,Norway,,f4r3,f4r3-34,,,f4r3,f4r3-34,110
Norway,Norway,,f4r3,f4r3-35,,,f4r3,f4r3-35,110
Norway,Norway,,f4r3,f4r3-36,,,f4r3,f4r3-36,110
Norway,Norway,,f4r3,f4r3-37,,,f4r3,f4r3-37,110
Norway,Norway,,f4r3,f4r3-38,,,f4r3,f4r3-38,110
Norway,Norway,,f4r3,f4r3-39,,,f4r3,f4r3-39,110
Norway,Norway,,f4r3,f4r3-40,,,f4r3,f4r3-40,110
Norway,Norway,,f4r3,f4r3-41,,,f4r3,f4r3-41,110
Norway,Norway,,f4r3,f4r3-43,,,f4r3,f4r3-43,110
Norway,Norway,,f4r3,f4r3-44,,,f4r3,f4r3-44,110
Norway,Norway,,f4r3,f4r3-45,,,f4r3,f4r3-45,110
Norway,Norway,,f4r3,f4r3-46,,,f4r3,f4r3-46,110
Norway,Norway,,f4r3,f4r3-47,,,f4r3,f4r3-47,110
Norway,Norway,,f4r3,f4r3-48,,,f4r3,f4r3-48,110
Norway,Norway,,f4r3,f4r3-49,,,f4r3,f4r3-49,110
Norway,Norway,,f4r3,f4r3-50,,,f4r3,f4r3-50,110
Norway,Norway,,f4r3,f4r3-51,,,f4r3,f4r3-51,110
Norway,Norway,,f4r3,f4r3-52,,,f4r3,f4r3-52,110
Norway,Norway,,f4r3,f4r3-53,,,f4r3,f4r3-53,110
Norway,Norway,,f4r3,f4r3-54,,,f4r3,f4r3-54,110
Norway,Norway,,f4r3,f4r3-55,,,f4r3,f4r3-55,110
Norway,Norway,,f4r3,f4r3-56,,,f4r3,f4r3-56,110
Norway,Norway,,f4r3,f4r3-57,,,f4r3,f4r3-57,110
Norway,Norway,,f4r3,f4r3-58,,,f4r3,f4r3-58,110
Norway,Norway,,f4r3,f4r3-59,,,f4r3,f4r3-59,110
Norway,Norway,,f4r3,f4r3-60,,,f4r3,f4r3-60,110
Norway,Norway,,f4r3,f4r3-61,,,f4r3,f4r3-61,110
Norway,Norway,,f4r3,f4r3-62,,,f4r3,f4r3-62,110
Norway,Norway,,f4r3,f4r3-63,,,f4r3,f4r3-63,110
Norway,Norway,,f4r3,f4r3-64,,,f4r3,f4r3-64,110
Norway,Norway,,f4r3,f4r3-65,,,f4r3,f4r3-65,110
Norway,Norway,,f4r3,f4r3-66,,,f4r3,f4r3-66,110
Norway,Norway,,f4r3,f4r3-67,,,f4r3,f4r3-67,110
Norway,Norway,,f4r3,f4r3-68,,,f4r3,f4r3-68,110
Norway,Norway,,f4r3,f4r3-69,,,f4r3,f4r3-69,110
Norway,Norway,,f4r3,f4r3-70,,,f4r3,f4r3-70,110
Norway,Norway,,f4r3,f4r3-71,,,f4r3,f4r3-71,110
Norway,Norway,,f4r3,f4r3-72,,,f4r3,f4r3-72,110
Norway,Norway,,f4r3,f4r3-73,,,f4r3,f4r3-73,110
Norway,Norway,,f4r3,f4r3-74,,,f4r3,f4r3-74,110
Norway,Norway,,f4r3,f4r3-75,,,f4r3,f4r3-75,110
Norway,Norway,,f4r3,f4r3-76,,,f4r3,f4r3-76,110
Norway,Norway,,f4r3,f4r3-77,,,f4r3,f4r3-77,110
Norway,Norway,,f4r3,f4r3-78,,,f4r3,f4r3-78,110
Norway,Norway,,f4r3,f4r3-79,,,f4r3,f4r3-79,110
Norway,Norway,,f4r3,f4r3-80,,,f4r3,f4r3-80,110
Norway,Norway,,f4r3,f4r3-81,,,f4r3,f4r3-81,110
Norway,Norway,,f4r3,f4r3-82,,,f4r3,f4r3-82,110
Norway,Norway,,f4r3,f4r3-83,,,f4r3,f4r3-83,110
Norway,Norway,,f4r3,f4r3-84,,,f4r3,f4r3-84,110
Norway,Norway,,f4r3,f4r3-85,,,f4r3,f4r3-85,110
Norway,Norway,,f4r3,f4r3-86,,,f4r3,f4r3-86,110
Norway,Norway,,f4r3,f4r3-87,,,f4r3,f4r3-87,110
Norway,Norway,,f4r3,f4r3-88,,,f4r3,f4r3-88,110
Norway,Norway,,f4r3,f4r3-89,,,f4r3,f4r3-89,110
Norway,Norway,,f4r3,f4r3-90,,,f4r3,f4r3-90,110
Norway,Norway,,f4r3,f4r3-91,,,f4r3,f4r3-91,110
Norway,Norway,,f4r3,f4r3-92,,,f4r3,f4r3-92,110
Norway,Norway,,f4r3,f4r3-93,,,f4r3,f4r3-93,110
Norway,Norway,,f4r3,f4r3-94,,,f4r3,f4r3-94,110
Norway,Norway,,f4r3,f4r3-95,,,f4r3,f4r3-95,110
Norway,Norway,,f4r3,f4r3-96,,,f4r3,f4r3-96,110
Norway,Norway,,f4r3,f4r3-97,,,f4r3,f4r3-97,110
Norway,Norway,,f4r3,f4r3-98,,,f4r3,f4r3-98,110
Norway,Norway,,f4r3,f4r3-99,,,f4r3,f4r3-99,110
Norway,Norway,,f4r3,f4r3-100,,,f4r3,f4r3-100,110
Norway,Norway,,f4r3,f4r3-101,,,f4r3,f4r3-101,110
Norway,Norway,,f4r3,f4r3-102,,,f4r3,f4r3-102,110
Norway,Norway,,f4r3,f4r3-104,,,f4r3,f4r3-104,110
Norway,Norway,,f4r3,f4r3-105,,,f4r3,f4r3-105,110
Norway,Norway,,f4r3,f4r3-106,,,f4r3,f4r3-106,110
Norway,Norway,,f4r3,f4r3-107,,,f4r3,f4r3-107,110
Norway,Norway,,f4r3,f4r3-108,,,f4r3,f4r3-108,110
Norway,Norway,,f4r3,f4r3-109,,,f4r3,f4r3-109,110
Norway,Norway,,f4r3,f4r3-110,,,f4r3,f4r3-110,110
Norway,Norway,,f4r3,f4r3-111,,,f4r3,f4r3-111,110
Norway,Norway,,f4r3,f4r3-112,,,f4r3,f4r3-112,110
Norway,Norway,,f4r3,f4r3-113,,,f4r3,f4r3-113,110
Norway,Norway,,f4r3,f4r3-114,,,f4r3,f4r3-114,110
Norway,Norway,,f4r3,f4r3-115,,,f4r3,f4r3-115,110
Norway,Norway,,f4r3,f4r3-117,,,f4r3,f4r3-117,110
Norway,Norway,,f4r3,f4r3-118,,,f4r3,f4r3-118,110
Norway,Norway,,f4r3,f4r3-119,,,f4r3,f4r3-119,110
Norway,Norway,,f4r3,f4r3-120,,,f4r3,f4r3-120,110
Norway,Norway,,f4r3,f4r3-121,,,f4r3,f4r3-121,110
Norway,Norway,,f4r3,f4r3-122,,,f4r3,f4r3-122,110
Norway,Norway,,f4r3,f4r3-123,,,f4r3,f4r3-123,110
Norway,Norway,,f4r3,f4r3-124,,,f4r3,f4r3-124,110
Norway,Norway,,f4r3,f4r3-125,,,f4r3,f4r3-125,110
Norway,Norway,,f4r3,f4r3-126,,,f4r3,f4r3-126,110
Norway,Norway,,f4r3,f4r3-127,,,f4r3,f4r3-127,110
Norway,Norway,,f4r3,f4r3-128,,,f4r3,f4r3-128,110
Norway,Norway,,f4r3,f4r3-129,,,f4r3,f4r3-129,110
Norway,Norway,,f4r3,f4r3-130,,,f4r3,f4r3-130,110
Norway,Norway,,f4r3,f4r3-131,,,f4r3,f4r3-131,110
Norway,Norway,,f4r3,f4r3-132,,,f4r3,f4r3-132,110
Norway,Norway,,f4r3,f4r3-133,,,f4r3,f4r3-133,110
Norway,Norway,,f4r3,f4r3-135,,,f4r3,f4r3-135,110
Norway,Norway,,f4r3,f4r3-136,,,f4r3,f4r3-136,110
Norway,Norway,,f4r3,f4r3-137,,,f4r3,f4r3-137,110
Norway,Norway,,f4r3,f4r3-138,,,f4r3,f4r3-138,110
Norway,Norway,,f4r3,f4r3-139,,,f4r3,f4r3-139,110
Norway,Norway,,f4r3,f4r3-140,,,f4r3,f4r3-140,110
Norway,Norway,,f4r3,f4r3-141,,,f4r3,f4r3-141,110
Norway,Norway,,f4r3,f4r3-142,,,f4r3,f4r3-142,110
Norway,Norway,,f4r3,f4r3-143,,,f4r3,f4r3-143,110
Norway,Norway,,f4r3,f4r3-144,,,f4r3,f4r3-144,110
Norway,Norway,,f4r3,f4r3-145,,,f4r3,f4r3-145,110
Norway,Norway,,f4r3,f4r3-146,,,f4r3,f4r3-146,110
Norway,Norway,,f4r3,f4r3-148,,,f4r3,f4r3-148,110
Norway,Norway,,f4r3,f4r3-149,,,f4r3,f4r3-149,110
Norway,Norway,,f4r3,f4r3-150,,,f4r3,f4r3-150,110
Norway,Norway,,f4r3,f4r3-151,,,f4r3,f4r3-151,110
Norway,Norway,,f4r3,f4r3-152,,,f4r3,f4r3-152,110
Norway,Norway,,f4r3,f4r3-153,,,f4r3,f4r3-153,110
Norway,Norway,,f4r3,f4r3-154,,,f4r3,f4r3-154,110
Norway,Norway,,f4r3,f4r3-155,,,f4r3,f4r3-155,110
Norway,Norway,,f4r3,f4r3-156,,,f4r3,f4r3-156,110
Norway,Norway,,f4r3,f4r3-157,,,f4r3,f4r3-157,110
Norway,Norway,,f4r3,f4r3-158,,,f4r3,f4r3-158,110
Norway,Norway,,f4r3,f4r3-159,,,f4r3,f4r3-159,110
Norway,Norway,,f4r3,f4r3-160,,,f4r3,f4r3-160,110
Norway,Norway,,f4r3,f4r3-161,,,f4r3,f4r3-161,110
Norway,Norway,,f4r3,f4r3-162,,,f4r3,f4r3-162,110
Norway,Norway,,f4r3,f4r3-163,,,f4r3,f4r3-163,110
Norway,Norway,,f4r3,f4r3-164,,,f4r3,f4r3-164,110
Norway,Norway,,f4r3,f4r3-165,,,f4r3,f4r3-165,110
Norway,Norway,,f4r3,f4r3-166,,,f4r3,f4r3-166,110
Norway,Norway,,f4r3,f4r3-167,,,f4r3,f4r3-167,110
Norway,Norway,,f4r3,f4r3-168,,,f4r3,f4r3-168,110
Norway,Norway,,f4r3,f4r3-169,,,f4r3,f4r3-169,110
Norway,Norway,,f4r3,f4r3-170,,,f4r3,f4r3-170,110
Norway,Norway,,f4r3,f4r3-171,,,f4r3,f4r3-171,110
Norway,Norway,,f4r3,f4r3-172,,,f4r3,f4r3-172,110
Norway,Norway,,f4r3,f4r3-173,,,f4r3,f4r3-173,110
Norway,Norway,,f4r3,f4r3-174,,,f4r3,f4r3-174,110
Norway,Norway,,f4r3,f4r3-175,,,f4r3,f4r3-175,110
Norway,Norway,,f4r3,f4r3-176,,,f4r3,f4r3-176,110
Norway,Norway,,f4r3,f4r3-177,,,f4r3,f4r3-177,110
Norway,Norway,,f4r3,f4r3-178,,,f4r3,f4r3-178,110
Norway,Norway,,f4r3,f4r3-179,,,f4r3,f4r3-179,110
Norway,Norway,,f4r3,f4r3-180,,,f4r3,f4r3-180,110
Norway,Norway,,f4r3,f4r3-181,,,f4r3,f4r3-181,110
Norway,Norway,,f4r3,f4r3-182,,,f4r3,f4r3-182,110
Norway,Norway,,f4r3,f4r3-183,,,f4r3,f4r3-183,110
Norway,Norway,,f4r3,f4r3-184,,,f4r3,f4r3-184,110
Norway,Norway,,f4r3,f4r3-185,,,f4r3,f4r3-185,110
Norway,Norway,,f4r3,f4r3-186,,,f4r3,f4r3-186,110
Norway,Norway,,f4r3,f4r3-187,,,f4r3,f4r3-187,110
Norway,Norway,,f4r3,f4r3-188,,,f4r3,f4r3-188,110
Norway,Norway,,f4r3,f4r3-189,,,f4r3,f4r3-189,110
Norway,Norway,,f4r3,f4r3-190,,,f4r3,f4r3-190,110
Norway,Norway,,f4r3,f4r3-191,,,f4r3,f4r3-191,110
Norway,Norway,,f4r3,f4r3-192,,,f4r3,f4r3-192,110
Norway,Norway,,f4r3,f4r3-193,,,f4r3,f4r3-193,110
Norway,Norway,,f4r3,f4r3-194,,,f4r3,f4r3-194,110
Norway,Norway,,f4r3,f4r3-195,,,f4r3,f4r3-195,110
Norway,Norway,,f4r10,f4r10-2,,,f4r10,f4r10-2,110
Norway,Norway,,f4r10,f4r10-3,,,f4r10,f4r10-3,110
Norway,Norway,,f4r10,f4r10-4,,,f4r10,f4r10-4,110
Norway,Norway,,f4r10,f4r10-5,,,f4r10,f4r10-5,110
Norway,Norway,,f4r10,f4r10-6,,,f4r10,f4r10-6,110
Norway,Norway,,f4r10,f4r10-7,,,f4r10,f4r10-7,110
Norway,Norway,,f4r10,f4r10-8,,,f4r10,f4r10-8,110
Norway,Norway,,f4r10,f4r10-9,,,f4r10,f4r10-9,110
Norway,Norway,,f4r10,f4r10-10,,,f4r10,f4r10-10,110
Norway,Norway,,f4r10,f4r10-11,,,f4r10,f4r10-11,110
Norway,Norway,,f4r10,f4r10-12,,,f4r10,f4r10-12,110
Norway,Norway,,f4r10,f4r10-13,,,f4r10,f4r10-13,110
Norway,Norway,,f4r10,f4r10-14,,,f4r10,f4r10-14,110
Norway,Norway,,f4r10,f4r10-15,,,f4r10,f4r10-15,110
Norway,Norway,,f4r10,f4r10-16,,,f4r10,f4r10-16,110
Norway,Norway,,f4r10,f4r10-17,,,f4r10,f4r10-17,110
Norway,Norway,,f4r10,f4r10-18,,,f4r10,f4r10-18,110
Norway,Norway,,f4r10,f4r10-19,,,f4r10,f4r10-19,110
Norway,Norway,,f4r10,f4r10-20,,,f4r10,f4r10-20,110
Norway,Norway,,f4r10,f4r10-21,,,f4r10,f4r10-21,110
Norway,Norway,,f4r10,f4r10-22,,,f4r10,f4r10-22,110
Norway,Norway,,f4r10,f4r10-23,,,f4r10,f4r10-23,110
Norway,Norway,,f4r10,f4r10-24,,,f4r10,f4r10-24,110
Norway,Norway,,f4r10,f4r10-25,,,f4r10,f4r10-25,110
Norway,Norway,,f4r10,f4r10-26,,,f4r10,f4r10-26,110
Norway,Norway,,f4r10,f4r10-27,,,f4r10,f4r10-27,110
Norway,Norway,,f4r10,f4r10-28,,,f4r10,f4r10-28,110
Norway,Norway,,f4r10,f4r10-29,,,f4r10,f4r10-29,110
Norway,Norway,,f4r10,f4r10-30,,,f4r10,f4r10-30,110
Norway,Norway,,f4r10,f4r10-31,,,f4r10,f4r10-31,110
Norway,Norway,,f4r10,f4r10-32,,,f4r10,f4r10-32,110
Norway,Norway,,f4r10,f4r10-33,,,f4r10,f4r10-33,110
Norway,Norway,,f4r10,f4r10-34,,,f4r10,f4r10-34,110
Norway,Norway,,f4r10,f4r10-35,,,f4r10,f4r10-35,110
Norway,Norway,,f4r10,f4r10-36,,,f4r10,f4r10-36,110
Norway,Norway,,f4r10,f4r10-37,,,f4r10,f4r10-37,110
Norway,Norway,,f4r10,f4r10-38,,,f4r10,f4r10-38,110
Norway,Norway,,f4r10,f4r10-39,,,f4r10,f4r10-39,110
Norway,Norway,,f4r10,f4r10-40,,,f4r10,f4r10-40,110
Norway,Norway,,f4r10,f4r10-41,,,f4r10,f4r10-41,110
Norway,Norway,,f4r10,f4r10-42,,,f4r10,f4r10-42,110
Norway,Norway,,f4r10,f4r10-43,,,f4r10,f4r10-43,110
Norway,Norway,,f4r10,f4r10-44,,,f4r10,f4r10-44,110
Norway,Norway,,f4r10,f4r10-45,,,f4r10,f4r10-45,110
Norway,Norway,,f4r10,f4r10-46,,,f4r10,f4r10-46,110
Norway,Norway,,f4r10,f4r10-47,,,f4r10,f4r10-47,110
Norway,Norway,,f4r10,f4r10-48,,,f4r10,f4r10-48,110
Norway,Norway,,f4r10,f4r10-49,,,f4r10,f4r10-49,110
Norway,Norway,,f4r10,f4r10-50,,,f4r10,f4r10-50,110
Norway,Norway,,f4r10,f4r10-51,,,f4r10,f4r10-51,110
Norway,Norway,,f4r10,f4r10-52,,,f4r10,f4r10-52,110
Norway,Norway,,f4r10,f4r10-53,,,f4r10,f4r10-53,110
Norway,Norway,,f4r10,f4r10-54,,,f4r10,f4r10-54,110
Norway,Norway,,f4r10,f4r10-55,,,f4r10,f4r10-55,110
Norway,Norway,,f4r10,f4r10-56,,,f4r10,f4r10-56,110
Norway,Norway,,f4r10,f4r10-57,,,f4r10,f4r10-57,110
Norway,Norway,,f4r10,f4r10-58,,,f4r10,f4r10-58,110
Norway,Norway,,f4r10,f4r10-59,,,f4r10,f4r10-59,110
Norway,Norway,,f4r10,f4r10-60,,,f4r10,f4r10-60,110
Norway,Norway,,f4r10,f4r10-61,,,f4r10,f4r10-61,110
Norway,Norway,,f4r10,f4r10-62,,,f4r10,f4r10-62,110
Norway,Norway,,f4r10,f4r10-63,,,f4r10,f4r10-63,110
Norway,Norway,,f4r10,f4r10-64,,,f4r10,f4r10-64,110
Norway,Norway,,f4r10,f4r10-65,,,f4r10,f4r10-65,110
Norway,Norway,,f4r10,f4r10-66,,,f4r10,f4r10-66,110
Norway,Norway,,f4r10,f4r10-67,,,f4r10,f4r10-67,110
Norway,Norway,,f4r10,f4r10-68,,,f4r10,f4r10-68,110
Norway,Norway,,f4r10,f4r10-69,,,f4r10,f4r10-69,110
Norway,Norway,,f4r10,f4r10-70,,,f4r10,f4r10-70,110
Norway,Norway,,f4r10,f4r10-71,,,f4r10,f4r10-71,110
Norway,Norway,,f4r10,f4r10-72,,,f4r10,f4r10-72,110
Norway,Norway,,f4r10,f4r10-73,,,f4r10,f4r10-73,110
Norway,Norway,,f4r10,f4r10-74,,,f4r10,f4r10-74,110
Norway,Norway,,f4r10,f4r10-75,,,f4r10,f4r10-75,110
Norway,Norway,,f4r10,f4r10-76,,,f4r10,f4r10-76,110
Norway,Norway,,f4r10,f4r10-77,,,f4r10,f4r10-77,110
Norway,Norway,,r6f5,r6f5-1,,,r6f5,r6f5-1,110
Norway,Norway,,r6f5,r6f5-2,,,r6f5,r6f5-2,110
Norway,Norway,,r6f5,r6f5-3,,,r6f5,r6f5-3,110
Norway,Norway,,r6f5,r6f5-4,,,r6f5,r6f5-4,110
Norway,Norway,,r6f5,r6f5-5,,,r6f5,r6f5-5,110
Norway,Norway,,r6f5,r6f5-6,,,r6f5,r6f5-6,110
Norway,Norway,,r6f5,r6f5-7,,,r6f5,r6f5-7,110
Norway,Norway,,r6f5,r6f5-8,,,r6f5,r6f5-8,110
Norway,Norway,,r6f5,r6f5-9,,,r6f5,r6f5-9,110
Norway,Norway,,r6f5,r6f5-10,,,r6f5,r6f5-10,110
Norway,Norway,,r6f5,r6f5-11,,,r6f5,r6f5-11,110
Norway,Norway,,r6f5,r6f5-12,,,r6f5,r6f5-12,110
Norway,Norway,,r6f5,r6f5-13,,,r6f5,r6f5-13,110
Norway,Norway,,r6f5,r6f5-14,,,r6f5,r6f5-14,110
Norway,Norway,,r6f5,r6f5-15,,,r6f5,r6f5-15,110
Norway,Norway,,r6f5,r6f5-16,,,r6f5,r6f5-16,110
Norway,Norway,,r6f5,r6f5-17,,,r6f5,r6f5-17,110
Norway,Norway,,r6f5,r6f5-18,,,r6f5,r6f5-18,110
Norway,Norway,,r6f5,r6f5-19,,,r6f5,r6f5-19,110
Norway,Norway,,r6f5,r6f5-20,,,r6f5,r6f5-20,110
Norway,Norway,,r6f5,r6f5-21,,,r6f5,r6f5-21,110
Norway,Norway,,r6f5,r6f5-22,,,r6f5,r6f5-22,110
Norway,Norway,,r6f5,r6f5-23,,,r6f5,r6f5-23,110
Norway,Norway,,r6f5,r6f5-24,,,r6f5,r6f5-24,110
Norway,Norway,,r6f5,r6f5-25,,,r6f5,r6f5-25,110
Norway,Norway,,r6f5,r6f5-26,,,r6f5,r6f5-26,110
Norway,Norway,,r6f5,r6f5-27,,,r6f5,r6f5-27,110
Norway,Norway,,r6f5,r6f5-28,,,r6f5,r6f5-28,110
Norway,Norway,,r6f5,r6f5-29,,,r6f5,r6f5-29,110
Norway,Norway,,r6f5,r6f5-30,,,r6f5,r6f5-30,110
Norway,Norway,,r6f5,r6f5-31,,,r6f5,r6f5-31,110
Norway,Norway,,r6f5,r6f5-32,,,r6f5,r6f5-32,110
Norway,Norway,,r6f5,r6f5-33,,,r6f5,r6f5-33,110
Norway,Norway,,r6f5,r6f5-34,,,r6f5,r6f5-34,110
Norway,Norway,,r6f5,r6f5-35,,,r6f5,r6f5-35,110
Norway,Norway,,r6f5,r6f5-36,,,r6f5,r6f5-36,110
Norway,Norway,,r6f5,r6f5-37,,,r6f5,r6f5-37,110
Norway,Norway,,r6f5,r6f5-38,,,r6f5,r6f5-38,110
Norway,Norway,,r6f5,r6f5-39,,,r6f5,r6f5-39,110
Norway,Norway,,r6f5,r6f5-41,,,r6f5,r6f5-41,110
Norway,Norway,,r6f5,r6f5-42,,,r6f5,r6f5-42,110
Norway,Norway,,r6f5,r6f5-44,,,r6f5,r6f5-44,110
Norway,Norway,,r6f5,r6f5-45,,,r6f5,r6f5-45,110
Norway,Norway,,r6f5,r6f5-46,,,r6f5,r6f5-46,110
Norway,Norway,,r6f5,r6f5-47,,,r6f5,r6f5-47,110
Norway,Norway,,r6f5,r6f5-48,,,r6f5,r6f5-48,110
Norway,Norway,,r6f5,r6f5-50,,,r6f5,r6f5-50,110
Norway,Norway,,r6f5,r6f5-51,,,r6f5,r6f5-51,110
Norway,Norway,,r6f5,r6f5-52,,,r6f5,r6f5-52,110
Norway,Norway,,r6f5,r6f5-53,,,r6f5,r6f5-53,110
Norway,Norway,,r6f5,r6f5-54,,,r6f5,r6f5-54,110
Norway,Norway,,r6f5,r6f5-55,,,r6f5,r6f5-55,110
Norway,Norway,,r6f5,r6f5-56,,,r6f5,r6f5-56,110
Norway,Norway,,r6f5,r6f5-58,,,r6f5,r6f5-58,110
Norway,Norway,,r6f5,r6f5-59,,,r6f5,r6f5-59,110
Norway,Norway,,r6f5,r6f5-61,,,r6f5,r6f5-61,110
Norway,Norway,,r6f5,r6f5-62,,,r6f5,r6f5-62,110
Norway,Norway,,r6f5,r6f5-63,,,r6f5,r6f5-63,110
Norway,Norway,,r6f5,r6f5-64,,,r6f5,r6f5-64,110
Norway,Norway,,r6f5,r6f5-65,,,r6f5,r6f5-65,110
Norway,Norway,,r6f5,r6f5-66,,,r6f5,r6f5-66,110
Norway,Norway,,r6f5,r6f5-67,,,r6f5,r6f5-67,110
Norway,Norway,,r6f5,r6f5-68,,,r6f5,r6f5-68,110
Norway,Norway,,r6f5,r6f5-69,,,r6f5,r6f5-69,110
Norway,Norway,,r6f5,r6f5-70,,,r6f5,r6f5-70,110
Norway,Norway,,r8f4,r8f4-1,,,r8f4,r8f4-1,110
Norway,Norway,,r8f4,r8f4-2,,,r8f4,r8f4-2,110
Norway,Norway,,r8f4,r8f4-3,,,r8f4,r8f4-3,110
Norway,Norway,,r8f4,r8f4-4,,,r8f4,r8f4-4,110
Norway,Norway,,r8f5,r8f5-16,,,r8f5,r8f5-16,110
Norway,Norway,,r8f5,r8f5-25,,,r8f5,r8f5-25,110
Norway,Norway,,r8f5,r8f5-26,,,r8f5,r8f5-26,110
Norway,Norway,,r8f5,r8f5-27,,,r8f5,r8f5-27,110
Norway,Norway,,r8f5,r8f5-28,,,r8f5,r8f5-28,110
Norway,Norway,,r8f5,r8f5-29,,,r8f5,r8f5-29,110
Norway,Norway,,r8f5,r8f5-30,,,r8f5,r8f5-30,110
Norway,Norway,,r8f5,r8f5-31,,,r8f5,r8f5-31,110
Norway,Norway,,r8f5,r8f5-32,,,r8f5,r8f5-32,110
Norway,Norway,,r8f5,r8f5-33,,,r8f5,r8f5-33,110
Norway,Norway,,r8f5,r8f5-34,,,r8f5,r8f5-34,110
Norway,Norway,,r8f5,r8f5-35,,,r8f5,r8f5-35,110
Norway,Norway,,r8f5,r8f5-36,,,r8f5,r8f5-36,110
Norway,Norway,,r8f5,r8f5-37,,,r8f5,r8f5-37,110
Norway,Norway,,r8f5,r8f5-38,,,r8f5,r8f5-38,110
Norway,Norway,,r8f5,r8f5-39,,,r8f5,r8f5-39,110
Norway,Norway,,r8f5,r8f5-40,,,r8f5,r8f5-40,110
Norway,Norway,,r8f5,r8f5-41,,,r8f5,r8f5-41,110
Norway,Norway,,r8f5,r8f5-42,,,r8f5,r8f5-42,110
Norway,Norway,,r8f5,r8f5-43,,,r8f5,r8f5-43,110
Norway,Norway,,r8f5,r8f5-44,,,r8f5,r8f5-44,110
Norway,Norway,,r8f5,r8f5-45,,,r8f5,r8f5-45,110
Norway,Norway,,r8f5,r8f5-46,,,r8f5,r8f5-46,110
Norway,Norway,,r8f5,r8f5-47,,,r8f5,r8f5-47,110
Norway,Norway,,r8f5,r8f5-48,,,r8f5,r8f5-48,110
Norway,Norway,,r8f5,r8f5-49,,,r8f5,r8f5-49,110
Norway,Norway,,r8f5,r8f5-50,,,r8f5,r8f5-50,110
Norway,Norway,,r8f5,r8f5-52,,,r8f5,r8f5-52,110
Norway,Norway,,r8f5,r8f5-53,,,r8f5,r8f5-53,110
Norway,Norway,,r8f5,r8f5-54,,,r8f5,r8f5-54,110
Norway,Norway,,r8f5,r8f5-55,,,r8f5,r8f5-55,110
Norway,Norway,,r8f5,r8f5-56,,,r8f5,r8f5-56,110
Norway,Norway,,r8f5,r8f5-57,,,r8f5,r8f5-57,110
Norway,Norway,,r8f5,r8f5-58,,,r8f5,r8f5-58,110
Norway,Norway,,r8f5,r8f5-59,,,r8f5,r8f5-59,110
Norway,Norway,,r8f5,r8f5-60,,,r8f5,r8f5-60,110
Norway,Norway,,r8f5,r8f5-61,,,r8f5,r8f5-61,110
Norway,Norway,,r8f5,r8f5-62,,,r8f5,r8f5-62,110
Norway,Norway,,r8f5,r8f5-63,,,r8f5,r8f5-63,110
Norway,Norway,,r8f5,r8f5-64,,,r8f5,r8f5-64,110
Norway,Norway,,r8f5,r8f5-65,,,r8f5,r8f5-65,110
Norway,Norway,,r8f5,r8f5-66,,,r8f5,r8f5-66,110
Norway,Norway,,r8f5,r8f5-67,,,r8f5,r8f5-67,110
Norway,Norway,,r8f5,r8f5-68,,,r8f5,r8f5-68,110
Norway,Norway,,r8f5,r8f5-69,,,r8f5,r8f5-69,110
Norway,Norway,,r8f5,r8f5-70,,,r8f5,r8f5-70,110
Norway,Norway,,r8f5,r8f5-71,,,r8f5,r8f5-71,110
Norway,Norway,,r8f5,r8f5-72,,,r8f5,r8f5-72,110
Norway,Norway,,r8f5,r8f5-73,,,r8f5,r8f5-73,110
Norway,Norway,,r8f5,r8f5-75,,,r8f5,r8f5-75,110
Norway,Norway,,r8f5,r8f5-76,,,r8f5,r8f5-76,110
Norway,Norway,,r8f5,r8f5-77,,,r8f5,r8f5-77,110
Norway,Norway,,r8f5,r8f5-78,,,r8f5,r8f5-78,110
Norway,Norway,,r8f5,r8f5-80,,,r8f5,r8f5-80,110
Norway,Norway,,r8f5,r8f5-81,,,r8f5,r8f5-81,110
Norway,Norway,,r8f5,r8f5-82,,,r8f5,r8f5-82,110
Norway,Norway,,r8f5,r8f5-83,,,r8f5,r8f5-83,110
Norway,Norway,,r8f5,r8f5-84,,,r8f5,r8f5-84,110
Norway,Norway,,r8f5,r8f5-85,,,r8f5,r8f5-85,110
Norway,Norway,,r8f5,r8f5-86,,,r8f5,r8f5-86,110
Norway,Norway,,r8f5,r8f5-87,,,r8f5,r8f5-87,110
Norway,Norway,,r8f5,r8f5-88,,,r8f5,r8f5-88,110
Norway,Norway,,r8f5,r8f5-89,,,r8f5,r8f5-89,110
Norway,Norway,,r8f5,r8f5-90,,,r8f5,r8f5-90,110
Norway,Norway,,r8f5,r8f5-91,,,r8f5,r8f5-91,110
Norway,Norway,,r8f5,r8f5-93,,,r8f5,r8f5-93,110
Norway,Norway,,r8f5,r8f5-94,,,r8f5,r8f5-94,110
Norway,Norway,,r8f5,r8f5-95,,,r8f5,r8f5-95,110
Norway,Norway,,r8f5,r8f5-97,,,r8f5,r8f5-97,110
Norway,Norway,,r8f5,r8f5-98,,,r8f5,r8f5-98,110
Norway,Norway,,r8f5,r8f5-99,,,r8f5,r8f5-99,110
Norway,Norway,,r9f5,r9f5-1,,,r9f5,r9f5-1,110
Norway,Norway,,r9f5,r9f5-2,,,r9f5,r9f5-2,110
Norway,Norway,,r9f5,r9f5-3,,,r9f5,r9f5-3,110
Norway,Norway,,r9f5,r9f5-4,,,r9f5,r9f5-4,110
Norway,Norway,,r9f5,r9f5-5,,,r9f5,r9f5-5,110
Norway,Norway,,r9f5,r9f5-6,,,r9f5,r9f5-6,110
Norway,Norway,,r9f5,r9f5-7,,,r9f5,r9f5-7,110
Norway,Norway,,r9f5,r9f5-8,,,r9f5,r9f5-8,110
Norway,Norway,,r9f5,r9f5-9,,,r9f5,r9f5-9,110
Norway,Norway,,r9f5,r9f5-10,,,r9f5,r9f5-10,110
Norway,Norway,,r9f5,r9f5-11,,,r9f5,r9f5-11,110
Norway,Norway,,r9f5,r9f5-12,,,r9f5,r9f5-12,110
Norway,Norway,,r9f5,r9f5-13,,,r9f5,r9f5-13,110
Norway,Norway,,r9f5,r9f5-14,,,r9f5,r9f5-14,110
Norway,Norway,,r9f5,r9f5-15,,,r9f5,r9f5-15,110
Norway,Norway,,r9f5,r9f5-16,,,r9f5,r9f5-16,110
Norway,Norway,,r9f5,r9f5-17,,,r9f5,r9f5-17,110
Norway,Norway,,r9f5,r9f5-18,,,r9f5,r9f5-18,110
Norway,Norway,,r9f5,r9f5-19,,,r9f5,r9f5-19,110
Norway,Norway,,r9f5,r9f5-20,,,r9f5,r9f5-20,110
Norway,Norway,,r9f5,r9f5-21,,,r9f5,r9f5-21,110
Norway,Norway,,r9f5,r9f5-22,,,r9f5,r9f5-22,110
Norway,Norway,,r9f5,r9f5-23,,,r9f5,r9f5-23,110
Norway,Norway,,r9f5,r9f5-24,,,r9f5,r9f5-24,110
Norway,Norway,,r9f5,r9f5-25,,,r9f5,r9f5-25,110
Norway,Norway,,r9f5,r9f5-26,,,r9f5,r9f5-26,110
Norway,Norway,,r9f5,r9f5-27,,,r9f5,r9f5-27,110
Norway,Norway,,r9f5,r9f5-28,,,r9f5,r9f5-28,110
Norway,Norway,,r9f5,r9f5-29,,,r9f5,r9f5-29,110
Norway,Norway,,r9f5,r9f5-30,,,r9f5,r9f5-30,110
Norway,Norway,,r9f5,r9f5-31,,,r9f5,r9f5-31,110
Norway,Norway,,r6f3,r6f3-1,,,r6f3,r6f3-1,110
Norway,Norway,,r6f3,r6f3-2,,,r6f3,r6f3-2,110
Norway,Norway,,r6f3,r6f3-3,,,r6f3,r6f3-3,110
Norway,Norway,,r6f3,r6f3-4,,,r6f3,r6f3-4,110
Norway,Norway,,r6f3,r6f3-5,,,r6f3,r6f3-5,110
Norway,Norway,,r6f3,r6f3-6,,,r6f3,r6f3-6,110
Norway,Norway,,r6f3,r6f3-7,,,r6f3,r6f3-7,110
Norway,Norway,,r6f3,r6f3-8,,,r6f3,r6f3-8,110
Norway,Norway,,r6f3,r6f3-9,,,r6f3,r6f3-9,110
Norway,Norway,,r6f3,r6f3-10,,,r6f3,r6f3-10,110
Norway,Norway,,r6f3,r6f3-11,,,r6f3,r6f3-11,110
Norway,Norway,,r6f3,r6f3-12,,,r6f3,r6f3-12,110
Norway,Norway,,r6f3,r6f3-13,,,r6f3,r6f3-13,110
Norway,Norway,,r6f3,r6f3-14,,,r6f3,r6f3-14,110
Norway,Norway,,r6f3,r6f3-15,,,r6f3,r6f3-15,110
Norway,Norway,,r6f3,r6f3-16,,,r6f3,r6f3-16,110
Norway,Norway,,r6f3,r6f3-17,,,r6f3,r6f3-17,110
Norway,Norway,,r6f3,r6f3-18,,,r6f3,r6f3-18,110
Norway,Norway,,r6f3,r6f3-19,,,r6f3,r6f3-19,110
Norway,Norway,,r6f3,r6f3-20,,,r6f3,r6f3-20,110
Norway,Norway,,r6f3,r6f3-21,,,r6f3,r6f3-21,110
Norway,Norway,,r6f3,r6f3-22,,,r6f3,r6f3-22,110
Norway,Norway,,r6f3,r6f3-23,,,r6f3,r6f3-23,110
Norway,Norway,,r6f3,r6f3-24,,,r6f3,r6f3-24,110
Norway,Norway,,r6f3,r6f3-25,,,r6f3,r6f3-25,110
Norway,Norway,,r6f3,r6f3-26,,,r6f3,r6f3-26,110
Norway,Norway,,r6f3,r6f3-27,,,r6f3,r6f3-27,110
Norway,Norway,,r6f3,r6f3-28,,,r6f3,r6f3-28,110
Norway,Norway,,r6f3,r6f3-29,,,r6f3,r6f3-29,110
Norway,Norway,,r6f3,r6f3-30,,,r6f3,r6f3-30,110
Norway,Norway,,r6f3,r6f3-31,,,r6f3,r6f3-31,110
Norway,Norway,,r6f3,r6f3-32,,,r6f3,r6f3-32,110
Norway,Norway,,r6f3,r6f3-33,,,r6f3,r6f3-33,110
Norway,Norway,,r6f3,r6f3-34,,,r6f3,r6f3-34,110
Norway,Norway,,r6f3,r6f3-35,,,r6f3,r6f3-35,110
Norway,Norway,,r6f3,r6f3-36,,,r6f3,r6f3-36,110
