folder,picname,file_name,source_file,ImageWidth,ImageHeight,physical_size_x,physical_size_x_unit,physical_size_y,physical_size_y_unit,pixel_size_x_um,pixel_size_y_um,cal_x,cal_y,cal,status
cod,Cod_1187_1,Cod_1187_1.tif,C:/shape_analysis/original_images/cod/Cod_1187_1.tif,3004,2174,3.4500000000000011,µm,3.4500000000000006,µm,3.450000000000001,3.4500000000000006,289.855072463768,289.85507246376807,289.855072463768,OK
cod,Cod_1187_2,Cod_1187_2.tif,C:/shape_analysis/original_images/cod/Cod_1187_2.tif,3004,2174,3.4500000000000011,µm,3.4500000000000006,µm,3.450000000000001,3.4500000000000006,289.855072463768,289.85507246376807,289.855072463768,OK
cod,Cod_1195_1,Cod_1195_1.tif,C:/shape_analysis/original_images/cod/Cod_1195_1.tif,3004,2174,3.4500000000000011,µm,3.4500000000000006,µm,3.450000000000001,3.4500000000000006,289.855072463768,289.85507246376807,289.855072463768,OK
cod,Cod_ts-sk 24-92_1,Cod_ts-sk 24-92_1.tif,C:/shape_analysis/original_images/cod/Cod_ts-sk 24-92_1.tif,3004,2174,4.3125000000000009,µm,4.3125000000000009,µm,4.312500000000001,4.312500000000001,231.88405797101444,231.88405797101444,231.88405797101444,OK
cod,Cod_ts-sk 24-92_2,Cod_ts-sk 24-92_2.tif,C:/shape_analysis/original_images/cod/Cod_ts-sk 24-92_2.tif,3004,2174,4.3125000000000009,µm,4.3125000000000009,µm,4.312500000000001,4.312500000000001,231.88405797101444,231.88405797101444,231.88405797101444,OK
cod,Cod_ts-sk 24-92_3,Cod_ts-sk 24-92_3.tif,C:/shape_analysis/original_images/cod/Cod_ts-sk 24-92_3.tif,3004,2174,3.4500000000000011,µm,3.4500000000000006,µm,3.450000000000001,3.4500000000000006,289.855072463768,289.85507246376807,289.855072463768,OK
cod,Cod_ts-sk 24-92_4,Cod_ts-sk 24-92_4.tif,C:/shape_analysis/original_images/cod/Cod_ts-sk 24-92_4.tif,3004,2174,2.7600000000000007,µm,2.7600000000000007,µm,2.7600000000000007,2.7600000000000007,362.31884057971007,362.31884057971007,362.31884057971007,OK
cod,Cod_ts_sk_24-88_1,Cod_ts_sk_24-88_1.tif,C:/shape_analysis/original_images/cod/Cod_ts_sk_24-88_1.tif,3004,2174,3.4500000000000011,µm,3.4500000000000006,µm,3.450000000000001,3.4500000000000006,289.855072463768,289.85507246376807,289.855072463768,OK
cod,Cod_ts_sk_24-88_2,Cod_ts_sk_24-88_2.tif,C:/shape_analysis/original_images/cod/Cod_ts_sk_24-88_2.tif,3004,2174,3.4500000000000011,µm,3.4500000000000006,µm,3.450000000000001,3.4500000000000006,289.855072463768,289.85507246376807,289.855072463768,OK
cod,Cod_ts_sk_24-88_3,Cod_ts_sk_24-88_3.tif,C:/shape_analysis/original_images/cod/Cod_ts_sk_24-88_3.tif,3004,2174,3.4500000000000011,µm,3.4500000000000006,µm,3.450000000000001,3.4500000000000006,289.855072463768,289.85507246376807,289.855072463768,OK
cod,Cod_ts_sk_24-88_4,Cod_ts_sk_24-88_4.tif,C:/shape_analysis/original_images/cod/Cod_ts_sk_24-88_4.tif,3004,2174,4.3125000000000009,µm,4.3125000000000009,µm,4.312500000000001,4.312500000000001,231.88405797101444,231.88405797101444,231.88405797101444,OK
cod,Torsk_HestHLM.S_38_1,Torsk_HestHLM.S_38_1.tif,C:/shape_analysis/original_images/cod/Torsk_HestHLM.S_38_1.tif,3004,2174,3.4500000000000011,µm,3.4500000000000006,µm,3.450000000000001,3.4500000000000006,289.855072463768,289.85507246376807,289.855072463768,OK
haddock,Haddoc_1195_1,Haddoc_1195_1.tif,C:/shape_analysis/original_images/haddock/Haddoc_1195_1.tif,3004,2174,3.4500000000000011,µm,3.4500000000000006,µm,3.450000000000001,3.4500000000000006,289.855072463768,289.85507246376807,289.855072463768,OK
haddock,Haddoc_2010_1187_1,Haddoc_2010_1187_1.tif,C:/shape_analysis/original_images/haddock/Haddoc_2010_1187_1.tif,3004,2174,3.4500000000000011,µm,3.4500000000000006,µm,3.450000000000001,3.4500000000000006,289.855072463768,289.85507246376807,289.855072463768,OK
haddock,Haddoc_2010_1187_2,Haddoc_2010_1187_2.tif,C:/shape_analysis/original_images/haddock/Haddoc_2010_1187_2.tif,3004,2174,3.4500000000000011,µm,3.4500000000000006,µm,3.450000000000001,3.4500000000000006,289.855072463768,289.85507246376807,289.855072463768,OK
haddock,haddock_1160_01,haddock_1160_01.tif,C:/shape_analysis/original_images/haddock/haddock_1160_01.tif,3004,2174,3.4500000000000011,µm,3.4500000000000006,µm,3.450000000000001,3.4500000000000006,289.855072463768,289.85507246376807,289.855072463768,OK
Labridae,Labridae ts-sk 24-37_1,Labridae ts-sk 24-37_1.tif,C:/shape_analysis/original_images/Labridae/Labridae ts-sk 24-37_1.tif,3004,2174,0.69000000000000017,µm,0.69000000000000017,µm,0.6900000000000002,0.6900000000000002,1449.2753623188403,1449.2753623188403,1449.2753623188403,OK
Labridae,Labridae ts-sk 24-37_10,Labridae ts-sk 24-37_10.tif,C:/shape_analysis/original_images/Labridae/Labridae ts-sk 24-37_10.tif,3004,2174,0.69000000000000017,µm,0.69000000000000017,µm,0.6900000000000002,0.6900000000000002,1449.2753623188403,1449.2753623188403,1449.2753623188403,OK
Labridae,Labridae ts-sk 24-37_11,Labridae ts-sk 24-37_11.tif,C:/shape_analysis/original_images/Labridae/Labridae ts-sk 24-37_11.tif,3004,2174,0.7225130890052357,µm,0.7225130890052357,µm,0.7225130890052357,0.7225130890052357,1384.0579710144925,1384.0579710144925,1384.0579710144925,OK
Labridae,Labridae ts-sk 24-37_12,Labridae ts-sk 24-37_12.tif,C:/shape_analysis/original_images/Labridae/Labridae ts-sk 24-37_12.tif,3004,2174,0.7225130890052357,µm,0.7225130890052357,µm,0.7225130890052357,0.7225130890052357,1384.0579710144925,1384.0579710144925,1384.0579710144925,OK
Labridae,Labridae ts-sk 24-37_13,Labridae ts-sk 24-37_13.tif,C:/shape_analysis/original_images/Labridae/Labridae ts-sk 24-37_13.tif,3004,2174,0.7225130890052357,µm,0.7225130890052357,µm,0.7225130890052357,0.7225130890052357,1384.0579710144925,1384.0579710144925,1384.0579710144925,OK
Labridae,Labridae ts-sk 24-37_14,Labridae ts-sk 24-37_14.tif,C:/shape_analysis/original_images/Labridae/Labridae ts-sk 24-37_14.tif,3004,2174,0.7225130890052357,µm,0.7225130890052357,µm,0.7225130890052357,0.7225130890052357,1384.0579710144925,1384.0579710144925,1384.0579710144925,OK
Labridae,Labridae ts-sk 24-37_15,Labridae ts-sk 24-37_15.tif,C:/shape_analysis/original_images/Labridae/Labridae ts-sk 24-37_15.tif,3004,2174,0.7225130890052357,µm,0.7225130890052357,µm,0.7225130890052357,0.7225130890052357,1384.0579710144925,1384.0579710144925,1384.0579710144925,OK
Labridae,Labridae ts-sk 24-37_16,Labridae ts-sk 24-37_16.tif,C:/shape_analysis/original_images/Labridae/Labridae ts-sk 24-37_16.tif,3004,2174,0.7225130890052357,µm,0.7225130890052357,µm,0.7225130890052357,0.7225130890052357,1384.0579710144925,1384.0579710144925,1384.0579710144925,OK
Labridae,Labridae ts-sk 24-37_17,Labridae ts-sk 24-37_17.tif,C:/shape_analysis/original_images/Labridae/Labridae ts-sk 24-37_17.tif,3004,2174,0.7225130890052357,µm,0.7225130890052357,µm,0.7225130890052357,0.7225130890052357,1384.0579710144925,1384.0579710144925,1384.0579710144925,OK
Labridae,Labridae ts-sk 24-37_18,Labridae ts-sk 24-37_18.tif,C:/shape_analysis/original_images/Labridae/Labridae ts-sk 24-37_18.tif,3004,2174,0.7225130890052357,µm,0.7225130890052357,µm,0.7225130890052357,0.7225130890052357,1384.0579710144925,1384.0579710144925,1384.0579710144925,OK
Labridae,Labridae ts-sk 24-37_19,Labridae ts-sk 24-37_19.tif,C:/shape_analysis/original_images/Labridae/Labridae ts-sk 24-37_19.tif,3004,2174,0.7225130890052357,µm,0.7225130890052357,µm,0.7225130890052357,0.7225130890052357,1384.0579710144925,1384.0579710144925,1384.0579710144925,OK
Labridae,Labridae ts-sk 24-37_2,Labridae ts-sk 24-37_2.tif,C:/shape_analysis/original_images/Labridae/Labridae ts-sk 24-37_2.tif,3004,2174,0.7225130890052357,µm,0.7225130890052357,µm,0.7225130890052357,0.7225130890052357,1384.0579710144925,1384.0579710144925,1384.0579710144925,OK
Labridae,Labridae ts-sk 24-37_20,Labridae ts-sk 24-37_20.tif,C:/shape_analysis/original_images/Labridae/Labridae ts-sk 24-37_20.tif,3004,2174,0.69000000000000017,µm,0.69000000000000017,µm,0.6900000000000002,0.6900000000000002,1449.2753623188403,1449.2753623188403,1449.2753623188403,OK
Labridae,Labridae ts-sk 24-37_21,Labridae ts-sk 24-37_21.tif,C:/shape_analysis/original_images/Labridae/Labridae ts-sk 24-37_21.tif,3004,2174,0.69000000000000017,µm,0.69000000000000017,µm,0.6900000000000002,0.6900000000000002,1449.2753623188403,1449.2753623188403,1449.2753623188403,OK
Labridae,Labridae ts-sk 24-37_22,Labridae ts-sk 24-37_22.tif,C:/shape_analysis/original_images/Labridae/Labridae ts-sk 24-37_22.tif,3004,2174,0.69000000000000017,µm,0.69000000000000017,µm,0.6900000000000002,0.6900000000000002,1449.2753623188403,1449.2753623188403,1449.2753623188403,OK
Labridae,Labridae ts-sk 24-37_23,Labridae ts-sk 24-37_23.tif,C:/shape_analysis/original_images/Labridae/Labridae ts-sk 24-37_23.tif,3004,2174,0.69000000000000017,µm,0.69000000000000017,µm,0.6900000000000002,0.6900000000000002,1449.2753623188403,1449.2753623188403,1449.2753623188403,OK
Labridae,Labridae ts-sk 24-37_24,Labridae ts-sk 24-37_24.tif,C:/shape_analysis/original_images/Labridae/Labridae ts-sk 24-37_24.tif,3004,2174,0.69000000000000017,µm,0.69000000000000017,µm,0.6900000000000002,0.6900000000000002,1449.2753623188403,1449.2753623188403,1449.2753623188403,OK
Labridae,Labridae ts-sk 24-37_25,Labridae ts-sk 24-37_25.tif,C:/shape_analysis/original_images/Labridae/Labridae ts-sk 24-37_25.tif,3004,2174,0.69000000000000017,µm,0.69000000000000017,µm,0.6900000000000002,0.6900000000000002,1449.2753623188403,1449.2753623188403,1449.2753623188403,OK
Labridae,Labridae ts-sk 24-37_26,Labridae ts-sk 24-37_26.tif,C:/shape_analysis/original_images/Labridae/Labridae ts-sk 24-37_26.tif,3004,2174,0.69000000000000017,µm,0.69000000000000017,µm,0.6900000000000002,0.6900000000000002,1449.2753623188403,1449.2753623188403,1449.2753623188403,OK
Labridae,Labridae ts-sk 24-37_27,Labridae ts-sk 24-37_27.tif,C:/shape_analysis/original_images/Labridae/Labridae ts-sk 24-37_27.tif,3004,2174,0.60000000000000009,µm,0.60000000000000009,µm,0.6000000000000001,0.6000000000000001,1666.6666666666665,1666.6666666666665,1666.6666666666665,OK
Labridae,Labridae ts-sk 24-37_28,Labridae ts-sk 24-37_28.tif,C:/shape_analysis/original_images/Labridae/Labridae ts-sk 24-37_28.tif,3004,2174,0.60000000000000009,µm,0.60000000000000009,µm,0.6000000000000001,0.6000000000000001,1666.6666666666665,1666.6666666666665,1666.6666666666665,OK
Labridae,Labridae ts-sk 24-37_3,Labridae ts-sk 24-37_3.tif,C:/shape_analysis/original_images/Labridae/Labridae ts-sk 24-37_3.tif,3004,2174,0.7225130890052357,µm,0.7225130890052357,µm,0.7225130890052357,0.7225130890052357,1384.0579710144925,1384.0579710144925,1384.0579710144925,OK
Labridae,Labridae ts-sk 24-37_4,Labridae ts-sk 24-37_4.tif,C:/shape_analysis/original_images/Labridae/Labridae ts-sk 24-37_4.tif,3004,2174,0.7225130890052357,µm,0.7225130890052357,µm,0.7225130890052357,0.7225130890052357,1384.0579710144925,1384.0579710144925,1384.0579710144925,OK
Labridae,Labridae ts-sk 24-37_5,Labridae ts-sk 24-37_5.tif,C:/shape_analysis/original_images/Labridae/Labridae ts-sk 24-37_5.tif,3004,2174,0.69000000000000017,µm,0.69000000000000017,µm,0.6900000000000002,0.6900000000000002,1449.2753623188403,1449.2753623188403,1449.2753623188403,OK
Labridae,Labridae ts-sk 24-37_6,Labridae ts-sk 24-37_6.tif,C:/shape_analysis/original_images/Labridae/Labridae ts-sk 24-37_6.tif,3004,2174,0.69000000000000017,µm,0.69000000000000017,µm,0.6900000000000002,0.6900000000000002,1449.2753623188403,1449.2753623188403,1449.2753623188403,OK
Labridae,Labridae ts-sk 24-37_7,Labridae ts-sk 24-37_7.tif,C:/shape_analysis/original_images/Labridae/Labridae ts-sk 24-37_7.tif,3004,2174,0.69000000000000017,µm,0.69000000000000017,µm,0.6900000000000002,0.6900000000000002,1449.2753623188403,1449.2753623188403,1449.2753623188403,OK
Labridae,Labridae ts-sk 24-37_8,Labridae ts-sk 24-37_8.tif,C:/shape_analysis/original_images/Labridae/Labridae ts-sk 24-37_8.tif,3004,2174,0.69000000000000017,µm,0.69000000000000017,µm,0.6900000000000002,0.6900000000000002,1449.2753623188403,1449.2753623188403,1449.2753623188403,OK
Labridae,Labridae ts-sk 24-37_9,Labridae ts-sk 24-37_9.tif,C:/shape_analysis/original_images/Labridae/Labridae ts-sk 24-37_9.tif,3004,2174,0.69000000000000017,µm,0.69000000000000017,µm,0.6900000000000002,0.6900000000000002,1449.2753623188403,1449.2753623188403,1449.2753623188403,OK
Labridae,Labridae ts-sk 24-92_1,Labridae ts-sk 24-92_1.tif,C:/shape_analysis/original_images/Labridae/Labridae ts-sk 24-92_1.tif,3004,2174,2.1562500000000004,µm,2.1562500000000004,µm,2.1562500000000004,2.1562500000000004,463.7681159420289,463.7681159420289,463.7681159420289,OK
Labridae,Labridae ts-sk 24-92_2,Labridae ts-sk 24-92_2.tif,C:/shape_analysis/original_images/Labridae/Labridae ts-sk 24-92_2.tif,3004,2174,6.9000000000000021,µm,6.9000000000000012,µm,6.900000000000002,6.900000000000001,144.927536231884,144.92753623188403,144.927536231884,OK
Labridae,Labridae ts-sk 24-92_3,Labridae ts-sk 24-92_3.tif,C:/shape_analysis/original_images/Labridae/Labridae ts-sk 24-92_3.tif,3004,2174,6.9000000000000021,µm,6.9000000000000012,µm,6.900000000000002,6.900000000000001,144.927536231884,144.92753623188403,144.927536231884,OK
Labridae,Labridae ts-sk 24-92_4,Labridae ts-sk 24-92_4.tif,C:/shape_analysis/original_images/Labridae/Labridae ts-sk 24-92_4.tif,3004,2174,6.9000000000000021,µm,6.9000000000000012,µm,6.900000000000002,6.900000000000001,144.927536231884,144.92753623188403,144.927536231884,OK
Poor cod,Poor cod ts-sk-24-04_1,Poor cod ts-sk-24-04_1.tif,C:/shape_analysis/original_images/Poor cod/Poor cod ts-sk-24-04_1.tif,3004,2174,3.4500000000000011,µm,3.4500000000000006,µm,3.450000000000001,3.4500000000000006,289.855072463768,289.85507246376807,289.855072463768,OK
Poor cod,Poor cod ts-sk-24-04_2,Poor cod ts-sk-24-04_2.tif,C:/shape_analysis/original_images/Poor cod/Poor cod ts-sk-24-04_2.tif,3004,2174,2.7600000000000007,µm,2.7600000000000007,µm,2.7600000000000007,2.7600000000000007,362.31884057971007,362.31884057971007,362.31884057971007,OK
Poor cod,Poor cod ts-sk-24-04_3,Poor cod ts-sk-24-04_3.tif,C:/shape_analysis/original_images/Poor cod/Poor cod ts-sk-24-04_3.tif,3004,2174,2.7600000000000007,µm,2.7600000000000007,µm,2.7600000000000007,2.7600000000000007,362.31884057971007,362.31884057971007,362.31884057971007,OK
Poor cod,Poor cod ts-sk-24-85_10,Poor cod ts-sk-24-85_10.tif,C:/shape_analysis/original_images/Poor cod/Poor cod ts-sk-24-85_10.tif,3004,2174,2.7600000000000007,µm,2.7600000000000007,µm,2.7600000000000007,2.7600000000000007,362.31884057971007,362.31884057971007,362.31884057971007,OK
Poor cod,Poor cod ts-sk-24-85_4,Poor cod ts-sk-24-85_4.tif,C:/shape_analysis/original_images/Poor cod/Poor cod ts-sk-24-85_4.tif,3004,2174,2.7600000000000007,µm,2.7600000000000007,µm,2.7600000000000007,2.7600000000000007,362.31884057971007,362.31884057971007,362.31884057971007,OK
Poor cod,Poor cod ts-sk-24-85_5,Poor cod ts-sk-24-85_5.tif,C:/shape_analysis/original_images/Poor cod/Poor cod ts-sk-24-85_5.tif,3004,2174,2.7600000000000007,µm,2.7600000000000007,µm,2.7600000000000007,2.7600000000000007,362.31884057971007,362.31884057971007,362.31884057971007,OK
Poor cod,Poor cod ts-sk-24-85_6,Poor cod ts-sk-24-85_6.tif,C:/shape_analysis/original_images/Poor cod/Poor cod ts-sk-24-85_6.tif,3004,2174,2.7600000000000007,µm,2.7600000000000007,µm,2.7600000000000007,2.7600000000000007,362.31884057971007,362.31884057971007,362.31884057971007,OK
Poor cod,Poor cod ts-sk-24-85_7,Poor cod ts-sk-24-85_7.tif,C:/shape_analysis/original_images/Poor cod/Poor cod ts-sk-24-85_7.tif,3004,2174,2.7600000000000007,µm,2.7600000000000007,µm,2.7600000000000007,2.7600000000000007,362.31884057971007,362.31884057971007,362.31884057971007,OK
Poor cod,Poor cod ts-sk-24-85_8,Poor cod ts-sk-24-85_8.tif,C:/shape_analysis/original_images/Poor cod/Poor cod ts-sk-24-85_8.tif,3004,2174,2.7600000000000007,µm,2.7600000000000007,µm,2.7600000000000007,2.7600000000000007,362.31884057971007,362.31884057971007,362.31884057971007,OK
Poor cod,Poor cod ts-sk-24-85_9,Poor cod ts-sk-24-85_9.tif,C:/shape_analysis/original_images/Poor cod/Poor cod ts-sk-24-85_9.tif,3004,2174,2.7600000000000007,µm,2.7600000000000007,µm,2.7600000000000007,2.7600000000000007,362.31884057971007,362.31884057971007,362.31884057971007,OK
Saithe,Saithe ts-sk 24-04_1,Saithe ts-sk 24-04_1.tif,C:/shape_analysis/original_images/Saithe/Saithe ts-sk 24-04_1.tif,3004,2174,3.4500000000000011,µm,3.4500000000000006,µm,3.450000000000001,3.4500000000000006,289.855072463768,289.85507246376807,289.855072463768,OK
Saithe,Saithe ts-sk 24-04_10,Saithe ts-sk 24-04_10.tif,C:/shape_analysis/original_images/Saithe/Saithe ts-sk 24-04_10.tif,3004,2174,2.1562500000000004,µm,2.1562500000000004,µm,2.1562500000000004,2.1562500000000004,463.7681159420289,463.7681159420289,463.7681159420289,OK
Saithe,Saithe ts-sk 24-04_11,Saithe ts-sk 24-04_11.tif,C:/shape_analysis/original_images/Saithe/Saithe ts-sk 24-04_11.tif,3004,2174,2.1562500000000004,µm,2.1562500000000004,µm,2.1562500000000004,2.1562500000000004,463.7681159420289,463.7681159420289,463.7681159420289,OK
Saithe,Saithe ts-sk 24-04_12,Saithe ts-sk 24-04_12.tif,C:/shape_analysis/original_images/Saithe/Saithe ts-sk 24-04_12.tif,3004,2174,2.1562500000000004,µm,2.1562500000000004,µm,2.1562500000000004,2.1562500000000004,463.7681159420289,463.7681159420289,463.7681159420289,OK
Saithe,Saithe ts-sk 24-04_13,Saithe ts-sk 24-04_13.tif,C:/shape_analysis/original_images/Saithe/Saithe ts-sk 24-04_13.tif,3004,2174,2.1562500000000004,µm,2.1562500000000004,µm,2.1562500000000004,2.1562500000000004,463.7681159420289,463.7681159420289,463.7681159420289,OK
Saithe,Saithe ts-sk 24-04_14,Saithe ts-sk 24-04_14.tif,C:/shape_analysis/original_images/Saithe/Saithe ts-sk 24-04_14.tif,3004,2174,2.1562500000000004,µm,2.1562500000000004,µm,2.1562500000000004,2.1562500000000004,463.7681159420289,463.7681159420289,463.7681159420289,OK
Saithe,Saithe ts-sk 24-04_15,Saithe ts-sk 24-04_15.tif,C:/shape_analysis/original_images/Saithe/Saithe ts-sk 24-04_15.tif,3004,2174,2.1562500000000004,µm,2.1562500000000004,µm,2.1562500000000004,2.1562500000000004,463.7681159420289,463.7681159420289,463.7681159420289,OK
Saithe,Saithe ts-sk 24-04_16,Saithe ts-sk 24-04_16.tif,C:/shape_analysis/original_images/Saithe/Saithe ts-sk 24-04_16.tif,3004,2174,2.1562500000000004,µm,2.1562500000000004,µm,2.1562500000000004,2.1562500000000004,463.7681159420289,463.7681159420289,463.7681159420289,OK
Saithe,Saithe ts-sk 24-04_17,Saithe ts-sk 24-04_17.tif,C:/shape_analysis/original_images/Saithe/Saithe ts-sk 24-04_17.tif,3004,2174,2.1562500000000004,µm,2.1562500000000004,µm,2.1562500000000004,2.1562500000000004,463.7681159420289,463.7681159420289,463.7681159420289,OK
Saithe,Saithe ts-sk 24-04_18,Saithe ts-sk 24-04_18.tif,C:/shape_analysis/original_images/Saithe/Saithe ts-sk 24-04_18.tif,3004,2174,2.1562500000000004,µm,2.1562500000000004,µm,2.1562500000000004,2.1562500000000004,463.7681159420289,463.7681159420289,463.7681159420289,OK
Saithe,Saithe ts-sk 24-04_19,Saithe ts-sk 24-04_19.tif,C:/shape_analysis/original_images/Saithe/Saithe ts-sk 24-04_19.tif,3004,2174,2.1562500000000004,µm,2.1562500000000004,µm,2.1562500000000004,2.1562500000000004,463.7681159420289,463.7681159420289,463.7681159420289,OK
Saithe,Saithe ts-sk 24-04_2,Saithe ts-sk 24-04_2.tif,C:/shape_analysis/original_images/Saithe/Saithe ts-sk 24-04_2.tif,3004,2174,3.4500000000000011,µm,3.4500000000000006,µm,3.450000000000001,3.4500000000000006,289.855072463768,289.85507246376807,289.855072463768,OK
Saithe,Saithe ts-sk 24-04_20,Saithe ts-sk 24-04_20.tif,C:/shape_analysis/original_images/Saithe/Saithe ts-sk 24-04_20.tif,3004,2174,2.1562500000000004,µm,2.1562500000000004,µm,2.1562500000000004,2.1562500000000004,463.7681159420289,463.7681159420289,463.7681159420289,OK
Saithe,Saithe ts-sk 24-04_21,Saithe ts-sk 24-04_21.tif,C:/shape_analysis/original_images/Saithe/Saithe ts-sk 24-04_21.tif,3004,2174,2.1562500000000004,µm,2.1562500000000004,µm,2.1562500000000004,2.1562500000000004,463.7681159420289,463.7681159420289,463.7681159420289,OK
Saithe,Saithe ts-sk 24-04_22,Saithe ts-sk 24-04_22.tif,C:/shape_analysis/original_images/Saithe/Saithe ts-sk 24-04_22.tif,3004,2174,2.1562500000000004,µm,2.1562500000000004,µm,2.1562500000000004,2.1562500000000004,463.7681159420289,463.7681159420289,463.7681159420289,OK
Saithe,Saithe ts-sk 24-04_23,Saithe ts-sk 24-04_23.tif,C:/shape_analysis/original_images/Saithe/Saithe ts-sk 24-04_23.tif,3004,2174,2.1562500000000004,µm,2.1562500000000004,µm,2.1562500000000004,2.1562500000000004,463.7681159420289,463.7681159420289,463.7681159420289,OK
Saithe,Saithe ts-sk 24-04_3,Saithe ts-sk 24-04_3.tif,C:/shape_analysis/original_images/Saithe/Saithe ts-sk 24-04_3.tif,3004,2174,3.4500000000000011,µm,3.4500000000000006,µm,3.450000000000001,3.4500000000000006,289.855072463768,289.85507246376807,289.855072463768,OK
Saithe,Saithe ts-sk 24-04_4,Saithe ts-sk 24-04_4.tif,C:/shape_analysis/original_images/Saithe/Saithe ts-sk 24-04_4.tif,3004,2174,3.4500000000000011,µm,3.4500000000000006,µm,3.450000000000001,3.4500000000000006,289.855072463768,289.85507246376807,289.855072463768,OK
Saithe,Saithe ts-sk 24-04_5,Saithe ts-sk 24-04_5.tif,C:/shape_analysis/original_images/Saithe/Saithe ts-sk 24-04_5.tif,3004,2174,2.1562500000000004,µm,2.1562500000000004,µm,2.1562500000000004,2.1562500000000004,463.7681159420289,463.7681159420289,463.7681159420289,OK
Saithe,Saithe ts-sk 24-04_6,Saithe ts-sk 24-04_6.tif,C:/shape_analysis/original_images/Saithe/Saithe ts-sk 24-04_6.tif,3004,2174,2.1562500000000004,µm,2.1562500000000004,µm,2.1562500000000004,2.1562500000000004,463.7681159420289,463.7681159420289,463.7681159420289,OK
Saithe,Saithe ts-sk 24-04_7,Saithe ts-sk 24-04_7.tif,C:/shape_analysis/original_images/Saithe/Saithe ts-sk 24-04_7.tif,3004,2174,2.1562500000000004,µm,2.1562500000000004,µm,2.1562500000000004,2.1562500000000004,463.7681159420289,463.7681159420289,463.7681159420289,OK
Saithe,Saithe ts-sk 24-04_8,Saithe ts-sk 24-04_8.tif,C:/shape_analysis/original_images/Saithe/Saithe ts-sk 24-04_8.tif,3004,2174,2.1562500000000004,µm,2.1562500000000004,µm,2.1562500000000004,2.1562500000000004,463.7681159420289,463.7681159420289,463.7681159420289,OK
Saithe,Saithe ts-sk 24-04_9,Saithe ts-sk 24-04_9.tif,C:/shape_analysis/original_images/Saithe/Saithe ts-sk 24-04_9.tif,3004,2174,2.1562500000000004,µm,2.1562500000000004,µm,2.1562500000000004,2.1562500000000004,463.7681159420289,463.7681159420289,463.7681159420289,OK
Saithe,Saithe ts-sk 24-85_1,Saithe ts-sk 24-85_1.tif,C:/shape_analysis/original_images/Saithe/Saithe ts-sk 24-85_1.tif,3004,2174,0.60000000000000009,µm,0.60000000000000009,µm,0.6000000000000001,0.6000000000000001,1666.6666666666665,1666.6666666666665,1666.6666666666665,OK
Saithe,Saithe ts-sk 24-85_10,Saithe ts-sk 24-85_10.tif,C:/shape_analysis/original_images/Saithe/Saithe ts-sk 24-85_10.tif,3004,2174,0.60000000000000009,µm,0.60000000000000009,µm,0.6000000000000001,0.6000000000000001,1666.6666666666665,1666.6666666666665,1666.6666666666665,OK
Saithe,Saithe ts-sk 24-85_11,Saithe ts-sk 24-85_11.tif,C:/shape_analysis/original_images/Saithe/Saithe ts-sk 24-85_11.tif,3004,2174,0.60000000000000009,µm,0.60000000000000009,µm,0.6000000000000001,0.6000000000000001,1666.6666666666665,1666.6666666666665,1666.6666666666665,OK
Saithe,Saithe ts-sk 24-85_12,Saithe ts-sk 24-85_12.tif,C:/shape_analysis/original_images/Saithe/Saithe ts-sk 24-85_12.tif,3004,2174,0.60000000000000009,µm,0.60000000000000009,µm,0.6000000000000001,0.6000000000000001,1666.6666666666665,1666.6666666666665,1666.6666666666665,OK
Saithe,Saithe ts-sk 24-85_13,Saithe ts-sk 24-85_13.tif,C:/shape_analysis/original_images/Saithe/Saithe ts-sk 24-85_13.tif,3004,2174,0.60000000000000009,µm,0.60000000000000009,µm,0.6000000000000001,0.6000000000000001,1666.6666666666665,1666.6666666666665,1666.6666666666665,OK
Saithe,Saithe ts-sk 24-85_14,Saithe ts-sk 24-85_14.tif,C:/shape_analysis/original_images/Saithe/Saithe ts-sk 24-85_14.tif,3004,2174,0.60000000000000009,µm,0.60000000000000009,µm,0.6000000000000001,0.6000000000000001,1666.6666666666665,1666.6666666666665,1666.6666666666665,OK
Saithe,Saithe ts-sk 24-85_15,Saithe ts-sk 24-85_15.tif,C:/shape_analysis/original_images/Saithe/Saithe ts-sk 24-85_15.tif,3004,2174,0.60000000000000009,µm,0.60000000000000009,µm,0.6000000000000001,0.6000000000000001,1666.6666666666665,1666.6666666666665,1666.6666666666665,OK
Saithe,Saithe ts-sk 24-85_16,Saithe ts-sk 24-85_16.tif,C:/shape_analysis/original_images/Saithe/Saithe ts-sk 24-85_16.tif,3004,2174,0.60000000000000009,µm,0.60000000000000009,µm,0.6000000000000001,0.6000000000000001,1666.6666666666665,1666.6666666666665,1666.6666666666665,OK
Saithe,Saithe ts-sk 24-85_17,Saithe ts-sk 24-85_17.tif,C:/shape_analysis/original_images/Saithe/Saithe ts-sk 24-85_17.tif,3004,2174,0.60000000000000009,µm,0.60000000000000009,µm,0.6000000000000001,0.6000000000000001,1666.6666666666665,1666.6666666666665,1666.6666666666665,OK
Saithe,Saithe ts-sk 24-85_18,Saithe ts-sk 24-85_18.tif,C:/shape_analysis/original_images/Saithe/Saithe ts-sk 24-85_18.tif,3004,2174,0.60000000000000009,µm,0.60000000000000009,µm,0.6000000000000001,0.6000000000000001,1666.6666666666665,1666.6666666666665,1666.6666666666665,OK
Saithe,Saithe ts-sk 24-85_2,Saithe ts-sk 24-85_2.tif,C:/shape_analysis/original_images/Saithe/Saithe ts-sk 24-85_2.tif,3004,2174,0.60000000000000009,µm,0.60000000000000009,µm,0.6000000000000001,0.6000000000000001,1666.6666666666665,1666.6666666666665,1666.6666666666665,OK
Saithe,Saithe ts-sk 24-85_3,Saithe ts-sk 24-85_3.tif,C:/shape_analysis/original_images/Saithe/Saithe ts-sk 24-85_3.tif,3004,2174,0.60000000000000009,µm,0.60000000000000009,µm,0.6000000000000001,0.6000000000000001,1666.6666666666665,1666.6666666666665,1666.6666666666665,OK
Saithe,Saithe ts-sk 24-85_4,Saithe ts-sk 24-85_4.tif,C:/shape_analysis/original_images/Saithe/Saithe ts-sk 24-85_4.tif,3004,2174,0.60000000000000009,µm,0.60000000000000009,µm,0.6000000000000001,0.6000000000000001,1666.6666666666665,1666.6666666666665,1666.6666666666665,OK
Saithe,Saithe ts-sk 24-85_5,Saithe ts-sk 24-85_5.tif,C:/shape_analysis/original_images/Saithe/Saithe ts-sk 24-85_5.tif,3004,2174,0.60000000000000009,µm,0.60000000000000009,µm,0.6000000000000001,0.6000000000000001,1666.6666666666665,1666.6666666666665,1666.6666666666665,OK
Saithe,Saithe ts-sk 24-85_6,Saithe ts-sk 24-85_6.tif,C:/shape_analysis/original_images/Saithe/Saithe ts-sk 24-85_6.tif,3004,2174,0.60000000000000009,µm,0.60000000000000009,µm,0.6000000000000001,0.6000000000000001,1666.6666666666665,1666.6666666666665,1666.6666666666665,OK
Saithe,Saithe ts-sk 24-85_7,Saithe ts-sk 24-85_7.tif,C:/shape_analysis/original_images/Saithe/Saithe ts-sk 24-85_7.tif,3004,2174,0.60000000000000009,µm,0.60000000000000009,µm,0.6000000000000001,0.6000000000000001,1666.6666666666665,1666.6666666666665,1666.6666666666665,OK
Saithe,Saithe ts-sk 24-85_8,Saithe ts-sk 24-85_8.tif,C:/shape_analysis/original_images/Saithe/Saithe ts-sk 24-85_8.tif,3004,2174,0.60000000000000009,µm,0.60000000000000009,µm,0.6000000000000001,0.6000000000000001,1666.6666666666665,1666.6666666666665,1666.6666666666665,OK
Saithe,Saithe ts-sk 24-85_9,Saithe ts-sk 24-85_9.tif,C:/shape_analysis/original_images/Saithe/Saithe ts-sk 24-85_9.tif,3004,2174,0.60000000000000009,µm,0.60000000000000009,µm,0.6000000000000001,0.6000000000000001,1666.6666666666665,1666.6666666666665,1666.6666666666665,OK
Sandeel,Sandeel-ts-sk 24-93_1,Sandeel-ts-sk 24-93_1.tif,C:/shape_analysis/original_images/Sandeel/Sandeel-ts-sk 24-93_1.tif,3004,2174,2.1562500000000004,µm,2.1562500000000004,µm,2.1562500000000004,2.1562500000000004,463.7681159420289,463.7681159420289,463.7681159420289,OK
Sandeel,Sandeel-ts-sk 24-93_2,Sandeel-ts-sk 24-93_2.tif,C:/shape_analysis/original_images/Sandeel/Sandeel-ts-sk 24-93_2.tif,3004,2174,2.1562500000000004,µm,2.1562500000000004,µm,2.1562500000000004,2.1562500000000004,463.7681159420289,463.7681159420289,463.7681159420289,OK
Sandeel,Sandeel-ts-sk 24-93_3,Sandeel-ts-sk 24-93_3.tif,C:/shape_analysis/original_images/Sandeel/Sandeel-ts-sk 24-93_3.tif,3004,2174,2.1562500000000004,µm,2.1562500000000004,µm,2.1562500000000004,2.1562500000000004,463.7681159420289,463.7681159420289,463.7681159420289,OK
Sandeel,Sandeel-ts-sk 24-93_4,Sandeel-ts-sk 24-93_4.tif,C:/shape_analysis/original_images/Sandeel/Sandeel-ts-sk 24-93_4.tif,3004,2174,2.1562500000000004,µm,2.1562500000000004,µm,2.1562500000000004,2.1562500000000004,463.7681159420289,463.7681159420289,463.7681159420289,OK
Sandeel,Sandeel-ts-sk 24-93_5,Sandeel-ts-sk 24-93_5.tif,C:/shape_analysis/original_images/Sandeel/Sandeel-ts-sk 24-93_5.tif,3004,2174,2.1562500000000004,µm,2.1562500000000004,µm,2.1562500000000004,2.1562500000000004,463.7681159420289,463.7681159420289,463.7681159420289,OK
Sandeel,Sandeel-ts-sk 24-93_6,Sandeel-ts-sk 24-93_6.tif,C:/shape_analysis/original_images/Sandeel/Sandeel-ts-sk 24-93_6.tif,3004,2174,2.1562500000000004,µm,2.1562500000000004,µm,2.1562500000000004,2.1562500000000004,463.7681159420289,463.7681159420289,463.7681159420289,OK
Sandeel,Sandeel-ts-sk 24-93_7,Sandeel-ts-sk 24-93_7.tif,C:/shape_analysis/original_images/Sandeel/Sandeel-ts-sk 24-93_7.tif,3004,2174,2.1562500000000004,µm,2.1562500000000004,µm,2.1562500000000004,2.1562500000000004,463.7681159420289,463.7681159420289,463.7681159420289,OK
Sandeel,Sandeel-ts-sk 24-93_8,Sandeel-ts-sk 24-93_8.tif,C:/shape_analysis/original_images/Sandeel/Sandeel-ts-sk 24-93_8.tif,3004,2174,2.1562500000000004,µm,2.1562500000000004,µm,2.1562500000000004,2.1562500000000004,463.7681159420289,463.7681159420289,463.7681159420289,OK
Sandeel,Sandeel-ts-sk 24-93_9,Sandeel-ts-sk 24-93_9.tif,C:/shape_analysis/original_images/Sandeel/Sandeel-ts-sk 24-93_9.tif,3004,2174,2.1562500000000004,µm,2.1562500000000004,µm,2.1562500000000004,2.1562500000000004,463.7681159420289,463.7681159420289,463.7681159420289,OK
Sandeel,Sandeel Ritri 240319-65 tobis_1,Sandeel Ritri 240319-65 tobis_1.tif,C:/shape_analysis/original_images/Sandeel/Sandeel Ritri 240319-65 tobis_1.tif,3004,2174,2.1562500000000004,µm,2.1562500000000004,µm,2.1562500000000004,2.1562500000000004,463.7681159420289,463.7681159420289,463.7681159420289,OK
Sandeel,Sandeel Ritri 240319-65 tobis_2,Sandeel Ritri 240319-65 tobis_2.tif,C:/shape_analysis/original_images/Sandeel/Sandeel Ritri 240319-65 tobis_2.tif,3004,2174,2.1562500000000004,µm,2.1562500000000004,µm,2.1562500000000004,2.1562500000000004,463.7681159420289,463.7681159420289,463.7681159420289,OK
Sandeel,Sandeel Ritri 240319-65 tobis_3,Sandeel Ritri 240319-65 tobis_3.tif,C:/shape_analysis/original_images/Sandeel/Sandeel Ritri 240319-65 tobis_3.tif,3004,2174,2.1562500000000004,µm,2.1562500000000004,µm,2.1562500000000004,2.1562500000000004,463.7681159420289,463.7681159420289,463.7681159420289,OK
Sandeel,Sandeel Ritri 240319-65 tobis_4,Sandeel Ritri 240319-65 tobis_4.tif,C:/shape_analysis/original_images/Sandeel/Sandeel Ritri 240319-65 tobis_4.tif,3004,2174,2.1562500000000004,µm,2.1562500000000004,µm,2.1562500000000004,2.1562500000000004,463.7681159420289,463.7681159420289,463.7681159420289,OK
Sandeel,Sandeel_1195_1,Sandeel_1195_1.tif,C:/shape_analysis/original_images/Sandeel/Sandeel_1195_1.tif,3004,2174,2.1562500000000004,µm,2.1562500000000004,µm,2.1562500000000004,2.1562500000000004,463.7681159420289,463.7681159420289,463.7681159420289,OK
