site,category,model_n,expert_n,model_total,expert_total,model_prop,expert_prop,count_difference,absolute_count_difference,proportion_difference,difference_pp,absolute_difference_pp
F2-R1,Cod,3,2,14,14,0.21428571428571427,0.14285714285714285,1,1,0.07142857142857142,7.142857142857142,7.142857142857142
F2-R1,Saithe,5,12,14,14,0.35714285714285715,0.8571428571428571,-7,7,-0.49999999999999994,-49.99999999999999,49.99999999999999
F2-R1,Haddock,0,0,14,14,0,0,0,0,0,0,0
F2-R1,Poor Cod,0,0,14,14,0,0,0,0,0,0,0
F2-R1,Norway Pout,0,0,14,14,0,0,0,0,0,0,0
F2-R1,Unknown gadoid,6,0,14,14,0.42857142857142855,0,6,6,0.42857142857142855,42.857142857142854,42.857142857142854
F2-R1,Lesser Sandeel,0,0,14,14,0,0,0,0,0,0,0
F2-R1,Wrasse sp.,0,0,14,14,0,0,0,0,0,0,0
F2-R1,Other species,0,0,14,14,0,0,0,0,0,0,0
F2-R1,Unknown,0,0,14,14,0,0,0,0,0,0,0
F3-R1,Cod,0,0,43,43,0,0,0,0,0,0,0
F3-R1,Saithe,18,10,43,43,0.4186046511627907,0.23255813953488372,8,8,0.186046511627907,18.6046511627907,18.6046511627907
F3-R1,Haddock,0,0,43,43,0,0,0,0,0,0,0
F3-R1,Poor Cod,9,21,43,43,0.20930232558139536,0.4883720930232558,-12,12,-0.2790697674418604,-27.90697674418604,27.90697674418604
F3-R1,Norway Pout,0,0,43,43,0,0,0,0,0,0,0
F3-R1,Unknown gadoid,16,2,43,43,0.37209302325581395,0.046511627906976744,14,14,0.32558139534883723,32.55813953488372,32.55813953488372
F3-R1,Lesser Sandeel,0,0,43,43,0,0,0,0,0,0,0
F3-R1,Wrasse sp.,0,0,43,43,0,0,0,0,0,0,0
F3-R1,Other species,0,0,43,43,0,0,0,0,0,0,0
F3-R1,Unknown,0,10,43,43,0,0.23255813953488372,-10,10,-0.23255813953488372,-23.25581395348837,23.25581395348837
F3-R6,Cod,2,2,36,36,0.05555555555555555,0.05555555555555555,0,0,0,0,0
F3-R6,Saithe,12,2,36,36,0.3333333333333333,0.05555555555555555,10,10,0.2777777777777778,27.77777777777778,27.77777777777778
F3-R6,Haddock,0,0,36,36,0,0,0,0,0,0,0
F3-R6,Poor Cod,0,0,36,36,0,0,0,0,0,0,0
F3-R6,Norway Pout,0,0,36,36,0,0,0,0,0,0,0
F3-R6,Unknown gadoid,2,10,36,36,0.05555555555555555,0.2777777777777778,-8,8,-0.22222222222222224,-22.222222222222225,22.222222222222225
F3-R6,Lesser Sandeel,0,0,36,36,0,0,0,0,0,0,0
F3-R6,Wrasse sp.,20,20,36,36,0.5555555555555556,0.5555555555555556,0,0,0,0,0
F3-R6,Other species,0,2,36,36,0,0.05555555555555555,-2,2,-0.05555555555555555,-5.555555555555555,5.555555555555555
F3-R6,Unknown,0,0,36,36,0,0,0,0,0,0,0
F3-R8,Cod,2,0,18,18,0.1111111111111111,0,2,2,0.1111111111111111,11.11111111111111,11.11111111111111
F3-R8,Saithe,8,8,18,18,0.4444444444444444,0.4444444444444444,0,0,0,0,0
F3-R8,Haddock,0,0,18,18,0,0,0,0,0,0,0
F3-R8,Poor Cod,0,0,18,18,0,0,0,0,0,0,0
F3-R8,Norway Pout,0,0,18,18,0,0,0,0,0,0,0
F3-R8,Unknown gadoid,5,4,18,18,0.2777777777777778,0.2222222222222222,1,1,0.05555555555555558,5.555555555555558,5.555555555555558
F3-R8,Lesser Sandeel,2,6,18,18,0.1111111111111111,0.3333333333333333,-4,4,-0.2222222222222222,-22.22222222222222,22.22222222222222
F3-R8,Wrasse sp.,1,0,18,18,0.05555555555555555,0,1,1,0.05555555555555555,5.555555555555555,5.555555555555555
F3-R8,Other species,0,0,18,18,0,0,0,0,0,0,0
F3-R8,Unknown,0,0,18,18,0,0,0,0,0,0,0
F4-R8,Cod,0,0,4,4,0,0,0,0,0,0,0
F4-R8,Saithe,1,2,4,4,0.25,0.5,-1,1,-0.25,-25,25
F4-R8,Haddock,0,0,4,4,0,0,0,0,0,0,0
F4-R8,Poor Cod,0,0,4,4,0,0,0,0,0,0,0
F4-R8,Norway Pout,0,0,4,4,0,0,0,0,0,0,0
F4-R8,Unknown gadoid,3,2,4,4,0.75,0.5,1,1,0.25,25,25
F4-R8,Lesser Sandeel,0,0,4,4,0,0,0,0,0,0,0
F4-R8,Wrasse sp.,0,0,4,4,0,0,0,0,0,0,0
F4-R8,Other species,0,0,4,4,0,0,0,0,0,0,0
F4-R8,Unknown,0,0,4,4,0,0,0,0,0,0,0
F4-R10,Cod,0,0,76,76,0,0,0,0,0,0,0
F4-R10,Saithe,49,0,76,76,0.6447368421052632,0,49,49,0.6447368421052632,64.47368421052632,64.47368421052632
F4-R10,Haddock,0,0,76,76,0,0,0,0,0,0,0
F4-R10,Poor Cod,17,24,76,76,0.2236842105263158,0.3157894736842105,-7,7,-0.09210526315789472,-9.210526315789473,9.210526315789473
F4-R10,Norway Pout,0,0,76,76,0,0,0,0,0,0,0
F4-R10,Unknown gadoid,9,52,76,76,0.11842105263157894,0.6842105263157895,-43,43,-0.5657894736842105,-56.57894736842105,56.57894736842105
F4-R10,Lesser Sandeel,0,0,76,76,0,0,0,0,0,0,0
F4-R10,Wrasse sp.,1,0,76,76,0.013157894736842105,0,1,1,0.013157894736842105,1.3157894736842104,1.3157894736842104
F4-R10,Other species,0,0,76,76,0,0,0,0,0,0,0
F4-R10,Unknown,0,0,76,76,0,0,0,0,0,0,0
