category,expert_total,model_total,total_count_difference,mean_bias_count,MAE_count,RMSE_count,mean_bias_pp,MAE_pp,RMSE_pp
Cod,4,7,3,0.5,0.5,0.9128709291752769,3.0423280423280423,3.0423280423280423,5.392544209163891
Saithe,34,93,59,9.833333333333334,12.5,20.876621693495654,5.9760188585158,30.976018858515797,37.415669486725754
Haddock,0,0,0,0,0,0,0,0,0
Poor Cod,45,26,-19,-3.1666666666666665,3.1666666666666665,5.671566509057851,-6.186250509995919,6.186250509995919,11.997452132393159
Norway Pout,0,0,0,0,0,0,0,0,0
Unknown gadoid,70,41,-29,-4.833333333333333,12.166666666666666,18.916483112178472,4.528278059489811,30.795334589704236,34.755421129165256
Lesser Sandeel,6,2,-4,-0.6666666666666666,0.6666666666666666,1.632993161855452,-3.7037037037037037,3.7037037037037037,9.072184232530288
Wrasse sp.,20,22,2,0.3333333333333333,0.3333333333333333,0.5773502691896257,1.145224171539961,1.145224171539961,2.3307902619041165
Other species,2,0,-2,-0.3333333333333333,0.3333333333333333,0.816496580927726,-0.9259259259259259,0.9259259259259259,2.268046058132572
Unknown,10,0,-10,-1.6666666666666667,1.6666666666666667,4.08248290463863,-3.875968992248062,3.875968992248062,9.49414628985728
