species,n,n_length_estimated,n_age_estimated,mean_FL_mm,min_FL_mm,max_FL_mm
cod,15,15,15,151.84010406190288,135.8942880510228,162.73992367626008
saithe,977,977,977,50.544289264825665,11.929098386185776,220.78179429167707
haddock,1,1,0,115.25939940794528,115.25939940794528,115.25939940794528
poor_cod,43,43,43,118.88764244206772,82.03215109311648,167.7506413661646
norway_pout,2,2,0,87.8680057569312,87.72863540593761,88.00737610792478
gadoids_unknown,178,0,0,NA,NA,NA
lesser_sand_eel,17,17,0,186.73640130075881,53.49549794503005,287.7866937235518
wrasse,76,0,0,NA,NA,NA
other_species,0,0,0,NA,NA,NA
unknown,0,0,0,NA,NA,NA
