category,sample_group,predicted_species,n,proportion
MP,f1r5,cod,0,0
MP,f1r5,saithe,63,0.9402985074626866
MP,f1r5,haddock,0,0
MP,f1r5,poor_cod,0,0
MP,f1r5,norway_pout,0,0
MP,f1r5,gadoids_unknown,3,0.04477611940298507
MP,f1r5,lesser_sand_eel,0,0
MP,f1r5,wrasse,1,0.014925373134328358
MP,f2r1,cod,3,0.21428571428571427
MP,f2r1,saithe,5,0.35714285714285715
MP,f2r1,haddock,0,0
MP,f2r1,poor_cod,0,0
MP,f2r1,norway_pout,0,0
MP,f2r1,gadoids_unknown,6,0.42857142857142855
MP,f2r1,lesser_sand_eel,0,0
MP,f2r1,wrasse,0,0
MP,f3r8,cod,2,0.1111111111111111
MP,f3r8,saithe,8,0.4444444444444444
MP,f3r8,haddock,0,0
MP,f3r8,poor_cod,0,0
MP,f3r8,norway_pout,0,0
MP,f3r8,gadoids_unknown,5,0.2777777777777778
MP,f3r8,lesser_sand_eel,2,0.1111111111111111
MP,f3r8,wrasse,1,0.05555555555555555
MP,f4r10,cod,0,0
MP,f4r10,saithe,49,0.6447368421052632
MP,f4r10,haddock,0,0
MP,f4r10,poor_cod,17,0.2236842105263158
MP,f4r10,norway_pout,0,0
MP,f4r10,gadoids_unknown,9,0.11842105263157894
MP,f4r10,lesser_sand_eel,0,0
MP,f4r10,wrasse,1,0.013157894736842105
MP,f4r3,cod,3,0.015873015873015872
MP,f4r3,saithe,170,0.8994708994708994
MP,f4r3,haddock,0,0
MP,f4r3,poor_cod,0,0
MP,f4r3,norway_pout,0,0
MP,f4r3,gadoids_unknown,14,0.07407407407407407
MP,f4r3,lesser_sand_eel,0,0
MP,f4r3,wrasse,2,0.010582010582010581
MP,r6f3,cod,2,0.05555555555555555
MP,r6f3,saithe,12,0.3333333333333333
MP,r6f3,haddock,0,0
MP,r6f3,poor_cod,0,0
MP,r6f3,norway_pout,0,0
MP,r6f3,gadoids_unknown,2,0.05555555555555555
MP,r6f3,lesser_sand_eel,0,0
MP,r6f3,wrasse,20,0.5555555555555556
MP,r6f5,cod,0,0
MP,r6f5,saithe,51,0.7846153846153846
MP,r6f5,haddock,0,0
MP,r6f5,poor_cod,3,0.046153846153846156
MP,r6f5,norway_pout,0,0
MP,r6f5,gadoids_unknown,8,0.12307692307692308
MP,r6f5,lesser_sand_eel,0,0
MP,r6f5,wrasse,3,0.046153846153846156
MP,r8f4,cod,0,0
MP,r8f4,saithe,1,0.25
MP,r8f4,haddock,0,0
MP,r8f4,poor_cod,0,0
MP,r8f4,norway_pout,0,0
MP,r8f4,gadoids_unknown,3,0.75
MP,r8f4,lesser_sand_eel,0,0
MP,r8f4,wrasse,0,0
MP,r8f5,cod,2,0.028169014084507043
MP,r8f5,saithe,51,0.7183098591549296
MP,r8f5,haddock,0,0
MP,r8f5,poor_cod,1,0.014084507042253521
MP,r8f5,norway_pout,0,0
MP,r8f5,gadoids_unknown,7,0.09859154929577464
MP,r8f5,lesser_sand_eel,0,0
MP,r8f5,wrasse,10,0.14084507042253522
MP,r9f5,cod,0,0
MP,r9f5,saithe,17,0.5483870967741935
MP,r9f5,haddock,1,0.03225806451612903
MP,r9f5,poor_cod,0,0
MP,r9f5,norway_pout,0,0
MP,r9f5,gadoids_unknown,8,0.25806451612903225
MP,r9f5,lesser_sand_eel,5,0.16129032258064516
MP,r9f5,wrasse,0,0
No_MP,f1r1,cod,0,0
No_MP,f1r1,saithe,10,0.45454545454545453
No_MP,f1r1,haddock,0,0
No_MP,f1r1,poor_cod,0,0
No_MP,f1r1,norway_pout,0,0
No_MP,f1r1,gadoids_unknown,9,0.4090909090909091
No_MP,f1r1,lesser_sand_eel,0,0
No_MP,f1r1,wrasse,3,0.13636363636363635
No_MP,f1r9,cod,0,0
No_MP,f1r9,saithe,58,0.8529411764705882
No_MP,f1r9,haddock,0,0
No_MP,f1r9,poor_cod,0,0
No_MP,f1r9,norway_pout,0,0
No_MP,f1r9,gadoids_unknown,8,0.11764705882352941
No_MP,f1r9,lesser_sand_eel,1,0.014705882352941176
No_MP,f1r9,wrasse,1,0.014705882352941176
No_MP,f2r3,cod,0,0
No_MP,f2r3,saithe,11,0.4230769230769231
No_MP,f2r3,haddock,0,0
No_MP,f2r3,poor_cod,0,0
No_MP,f2r3,norway_pout,0,0
No_MP,f2r3,gadoids_unknown,9,0.34615384615384615
No_MP,f2r3,lesser_sand_eel,0,0
No_MP,f2r3,wrasse,6,0.23076923076923078
No_MP,f3r1,cod,0,0
No_MP,f3r1,saithe,18,0.4186046511627907
No_MP,f3r1,haddock,0,0
No_MP,f3r1,poor_cod,9,0.20930232558139536
No_MP,f3r1,norway_pout,0,0
No_MP,f3r1,gadoids_unknown,16,0.37209302325581395
No_MP,f3r1,lesser_sand_eel,0,0
No_MP,f3r1,wrasse,0,0
No_MP,f3r3,cod,0,0
No_MP,f3r3,saithe,87,1
No_MP,f3r3,haddock,0,0
No_MP,f3r3,poor_cod,0,0
No_MP,f3r3,norway_pout,0,0
No_MP,f3r3,gadoids_unknown,0,0
No_MP,f3r3,lesser_sand_eel,0,0
No_MP,f3r3,wrasse,0,0
No_MP,f3r4,cod,2,0.09090909090909091
No_MP,f3r4,saithe,9,0.4090909090909091
No_MP,f3r4,haddock,0,0
No_MP,f3r4,poor_cod,0,0
No_MP,f3r4,norway_pout,0,0
No_MP,f3r4,gadoids_unknown,10,0.45454545454545453
No_MP,f3r4,lesser_sand_eel,1,0.045454545454545456
No_MP,f3r4,wrasse,0,0
No_MP,f4r1,cod,0,0
No_MP,f4r1,saithe,4,0.4
No_MP,f4r1,haddock,0,0
No_MP,f4r1,poor_cod,0,0
No_MP,f4r1,norway_pout,0,0
No_MP,f4r1,gadoids_unknown,6,0.6
No_MP,f4r1,lesser_sand_eel,0,0
No_MP,f4r1,wrasse,0,0
No_MP,f4r5,cod,0,0
No_MP,f4r5,saithe,218,0.9083333333333333
No_MP,f4r5,haddock,0,0
No_MP,f4r5,poor_cod,0,0
No_MP,f4r5,norway_pout,0,0
No_MP,f4r5,gadoids_unknown,11,0.04583333333333333
No_MP,f4r5,lesser_sand_eel,0,0
No_MP,f4r5,wrasse,11,0.04583333333333333
No_MP,f4r7,cod,1,0.037037037037037035
No_MP,f4r7,saithe,18,0.6666666666666666
No_MP,f4r7,haddock,0,0
No_MP,f4r7,poor_cod,0,0
No_MP,f4r7,norway_pout,0,0
No_MP,f4r7,gadoids_unknown,8,0.2962962962962963
No_MP,f4r7,lesser_sand_eel,0,0
No_MP,f4r7,wrasse,0,0
No_MP,r7f5,cod,0,0
No_MP,r7f5,saithe,117,0.6062176165803109
No_MP,r7f5,haddock,0,0
No_MP,r7f5,poor_cod,13,0.06735751295336788
No_MP,r7f5,norway_pout,2,0.010362694300518135
No_MP,r7f5,gadoids_unknown,36,0.18652849740932642
No_MP,r7f5,lesser_sand_eel,8,0.04145077720207254
No_MP,r7f5,wrasse,17,0.08808290155440414
