category,predicted_species,n,proportion
MP,cod,12,0.021015761821366025
MP,saithe,427,0.7478108581436077
MP,haddock,1,0.0017513134851138354
MP,poor_cod,21,0.03677758318739054
MP,norway_pout,0,0
MP,gadoids_unknown,65,0.1138353765323993
MP,lesser_sand_eel,7,0.012259194395796848
MP,wrasse,38,0.06654991243432574
No_MP,cod,3,0.0040650406504065045
No_MP,saithe,550,0.7452574525745257
No_MP,haddock,0,0
No_MP,poor_cod,22,0.02981029810298103
No_MP,norway_pout,2,0.0027100271002710027
No_MP,gadoids_unknown,113,0.15311653116531165
No_MP,lesser_sand_eel,10,0.013550135501355014
No_MP,wrasse,38,0.051490514905149054
