category,species_age,n,N,proportion,denominator,center,half_width,CI_lower,CI_upper
No Microplastics,cod_0,1,738,0.0013550135501355014,1.005205228754328,0.0039371342429286,0.0036979010205326623,2.3923322239593776e-4,0.0076350352634612624
No Microplastics,cod_1,2,738,0.0027100271002710027,1.005205228754328,0.005285131160746729,0.004541629116248732,7.435020444979965e-4,0.009826760276995462
No Microplastics,cod_2,0,738,0,1.005205228754328,0.0025891373251104716,0.0025891373251104716,0,0.005178274650220943
No Microplastics,cod_3,0,738,0,1.005205228754328,0.0025891373251104716,0.0025891373251104716,0,0.005178274650220943
No Microplastics,cod,0,738,0,1.005205228754328,0.0025891373251104716,0.0025891373251104716,0,0.005178274650220943
No Microplastics,saithe_0,523,738,0.7086720867208672,1.005205228754328,0.7075915253439918,0.03271472570726939,0.6748767996367224,0.7403062510512612
No Microplastics,saithe_1,27,738,0.036585365853658534,1.005205228754328,0.03898505410619995,0.01372138887459534,0.025263665231604608,0.05270644298079529
No Microplastics,saithe_2,0,738,0,1.005205228754328,0.0025891373251104716,0.0025891373251104716,0,0.005178274650220943
No Microplastics,saithe,0,738,0,1.005205228754328,0.0025891373251104716,0.0025891373251104716,0,0.005178274650220943
No Microplastics,haddock,0,738,0,1.005205228754328,0.0025891373251104716,0.0025891373251104716,0,0.005178274650220943
No Microplastics,poor_cod_0,0,738,0,1.005205228754328,0.0025891373251104716,0.0025891373251104716,0,0.005178274650220943
No Microplastics,poor_cod_1,22,738,0.02981029810298103,1.005205228754328,0.03224506951710931,0.012477673220514103,0.019767396296595206,0.04472274273762341
No Microplastics,poor_cod,0,738,0,1.005205228754328,0.0025891373251104716,0.0025891373251104716,0,0.005178274650220943
No Microplastics,norway_pout,2,738,0.0027100271002710027,1.005205228754328,0.005285131160746729,0.004541629116248732,7.435020444979965e-4,0.009826760276995462
No Microplastics,gadoids_unknown,113,738,0.15311653116531165,1.005205228754328,0.15491278903855904,0.025975046542956765,0.12893774249560228,0.1808878355815158
No Microplastics,lesser_sand_eel,10,738,0.013550135501355014,1.005205228754328,0.01606910650329176,0.008692570097254774,0.007376536406036985,0.024761676600546532
No Microplastics,wrasse,38,738,0.051490514905149054,1.005205228754328,0.05381302020219937,0.01607162214899175,0.03774139805320762,0.06988464235119113
No Microplastics,other_species,0,738,0,1.005205228754328,0.0025891373251104716,0.0025891373251104716,0,0.005178274650220943
No Microplastics,unknown,0,738,0,1.005205228754328,0.0025891373251104716,0.0025891373251104716,0,0.005178274650220943
Microplastics,cod_0,4,571,0.0070052539404553416,1.0067275986351911,0.010299760602677527,0.0075722801595353535,0.002727480443142174,0.017872040762212882
Microplastics,cod_1,8,571,0.014010507880910683,1.0067275986351911,0.017258200949353514,0.010142136529171997,0.007116064420181516,0.02740033747852551
Microplastics,cod_2,0,571,0,1.0067275986351911,0.003341320256001542,0.003341320256001542,0,0.006682640512003084
Microplastics,cod_3,0,571,0,1.0067275986351911,0.003341320256001542,0.003341320256001542,0,0.006682640512003084
Microplastics,cod,0,571,0,1.0067275986351911,0.003341320256001542,0.003341320256001542,0,0.006682640512003084
Microplastics,saithe_0,408,571,0.7145359019264448,1.0067275986351911,0.713102235616952,0.03694783663922902,0.6761543989777229,0.750050072256181
Microplastics,saithe_1,19,571,0.03327495621716287,1.0067275986351911,0.036393911902712475,0.014989772635844984,0.02140413926686749,0.05138368453855746
Microplastics,saithe_2,0,571,0,1.0067275986351911,0.003341320256001542,0.003341320256001542,0,0.006682640512003084
Microplastics,saithe,0,571,0,1.0067275986351911,0.003341320256001542,0.003341320256001542,0,0.006682640512003084
Microplastics,haddock,1,571,0.0017513134851138354,1.0067275986351911,0.005080930342670539,0.004771713585646847,3.092167570236913e-4,0.009852643928317386
Microplastics,poor_cod_0,0,571,0,1.0067275986351911,0.003341320256001542,0.003341320256001542,0,0.006682640512003084
Microplastics,poor_cod_1,21,571,0.03677758318739054,1.0067275986351911,0.03987313207605046,0.01569442300169771,0.024178709074352753,0.055567555077748174
Microplastics,poor_cod,0,571,0,1.0067275986351911,0.003341320256001542,0.003341320256001542,0,0.006682640512003084
Microplastics,norway_pout,0,571,0,1.0067275986351911,0.003341320256001542,0.003341320256001542,0,0.006682640512003084
Microplastics,gadoids_unknown,65,571,0.1138353765323993,1.0067275986351911,0.1164159758894863,0.026091827111038676,0.09032414877844762,0.14250780300052496
Microplastics,lesser_sand_eel,7,571,0.012259194395796848,1.0067275986351911,0.015518590862684516,0.009567817660566373,0.005950773202118143,0.02508640852325089
Microplastics,wrasse,38,571,0.06654991243432574,1.0067275986351911,0.0694465035494234,0.020579667043171507,0.0488668365062519,0.0900261705925949
Microplastics,other_species,0,571,0,1.0067275986351911,0.003341320256001542,0.003341320256001542,0,0.006682640512003084
Microplastics,unknown,0,571,0,1.0067275986351911,0.003341320256001542,0.003341320256001542,0,0.006682640512003084
